{
    "metadata": {
        "bot1": "HeuristicBot",
        "bot2": "MCTSBot",
        "game_number": 433,
        "ordering": "normal",
        "result": "MCTSBot"
    },
    "move_log": [
        {
            "move_number": 1,
            "player": 1,
            "column": 3,
            "row": 5,
            "timestamp": "2025-02-22T00:35:47.655417"
        },
        {
            "move_number": 2,
            "player": 2,
            "column": 4,
            "row": 5,
            "timestamp": "2025-02-22T00:35:49.655522"
        },
        {
            "move_number": 3,
            "player": 1,
            "column": 3,
            "row": 4,
            "timestamp": "2025-02-22T00:35:49.655657"
        },
        {
            "move_number": 4,
            "player": 2,
            "column": 3,
            "row": 3,
            "timestamp": "2025-02-22T00:35:51.655799"
        },
        {
            "move_number": 5,
            "player": 1,
            "column": 3,
            "row": 2,
            "timestamp": "2025-02-22T00:35:51.655920"
        },
        {
            "move_number": 6,
            "player": 2,
            "column": 4,
            "row": 4,
            "timestamp": "2025-02-22T00:35:53.656020"
        },
        {
            "move_number": 7,
            "player": 1,
            "column": 3,
            "row": 1,
            "timestamp": "2025-02-22T00:35:53.656175"
        },
        {
            "move_number": 8,
            "player": 2,
            "column": 4,
            "row": 3,
            "timestamp": "2025-02-22T00:35:55.656318"
        },
        {
            "move_number": 9,
            "player": 1,
            "column": 4,
            "row": 2,
            "timestamp": "2025-02-22T00:35:55.656409"
        },
        {
            "move_number": 10,
            "player": 2,
            "column": 0,
            "row": 5,
            "timestamp": "2025-02-22T00:35:57.656639"
        },
        {
            "move_number": 11,
            "player": 1,
            "column": 3,
            "row": 0,
            "timestamp": "2025-02-22T00:35:57.656766"
        },
        {
            "move_number": 12,
            "player": 2,
            "column": 0,
            "row": 4,
            "timestamp": "2025-02-22T00:35:59.656895"
        },
        {
            "move_number": 13,
            "player": 1,
            "column": 2,
            "row": 5,
            "timestamp": "2025-02-22T00:35:59.657020"
        },
        {
            "move_number": 14,
            "player": 2,
            "column": 0,
            "row": 3,
            "timestamp": "2025-02-22T00:36:01.657205"
        },
        {
            "move_number": 15,
            "player": 1,
            "column": 0,
            "row": 2,
            "timestamp": "2025-02-22T00:36:01.657296"
        },
        {
            "move_number": 16,
            "player": 2,
            "column": 5,
            "row": 5,
            "timestamp": "2025-02-22T00:36:03.657341"
        },
        {
            "move_number": 17,
            "player": 1,
            "column": 2,
            "row": 4,
            "timestamp": "2025-02-22T00:36:03.657472"
        },
        {
            "move_number": 18,
            "player": 2,
            "column": 2,
            "row": 3,
            "timestamp": "2025-02-22T00:36:05.657509"
        },
        {
            "move_number": 19,
            "player": 1,
            "column": 2,
            "row": 2,
            "timestamp": "2025-02-22T00:36:05.657606"
        },
        {
            "move_number": 20,
            "player": 2,
            "column": 4,
            "row": 1,
            "timestamp": "2025-02-22T00:36:07.657633"
        },
        {
            "move_number": 21,
            "player": 1,
            "column": 2,
            "row": 1,
            "timestamp": "2025-02-22T00:36:07.657754"
        },
        {
            "move_number": 22,
            "player": 2,
            "column": 2,
            "row": 0,
            "timestamp": "2025-02-22T00:36:09.657810"
        },
        {
            "move_number": 23,
            "player": 1,
            "column": 4,
            "row": 0,
            "timestamp": "2025-02-22T00:36:09.658170"
        },
        {
            "move_number": 24,
            "player": 2,
            "column": 1,
            "row": 5,
            "timestamp": "2025-02-22T00:36:11.658234"
        },
        {
            "move_number": 25,
            "player": 1,
            "column": 1,
            "row": 4,
            "timestamp": "2025-02-22T00:36:11.658335"
        },
        {
            "move_number": 26,
            "player": 2,
            "column": 1,
            "row": 3,
            "timestamp": "2025-02-22T00:36:13.658410"
        }
    ]
}