{
    "metadata": {
        "bot1": "HeuristicBot",
        "bot2": "MCTSBot",
        "game_number": 415,
        "ordering": "normal",
        "result": "MCTSBot"
    },
    "move_log": [
        {
            "move_number": 1,
            "player": 1,
            "column": 3,
            "row": 5,
            "timestamp": "2025-02-22T00:28:45.528899"
        },
        {
            "move_number": 2,
            "player": 2,
            "column": 2,
            "row": 5,
            "timestamp": "2025-02-22T00:28:47.528940"
        },
        {
            "move_number": 3,
            "player": 1,
            "column": 3,
            "row": 4,
            "timestamp": "2025-02-22T00:28:47.529062"
        },
        {
            "move_number": 4,
            "player": 2,
            "column": 3,
            "row": 3,
            "timestamp": "2025-02-22T00:28:49.529331"
        },
        {
            "move_number": 5,
            "player": 1,
            "column": 3,
            "row": 2,
            "timestamp": "2025-02-22T00:28:49.529452"
        },
        {
            "move_number": 6,
            "player": 2,
            "column": 2,
            "row": 4,
            "timestamp": "2025-02-22T00:28:51.529621"
        },
        {
            "move_number": 7,
            "player": 1,
            "column": 3,
            "row": 1,
            "timestamp": "2025-02-22T00:28:51.529746"
        },
        {
            "move_number": 8,
            "player": 2,
            "column": 2,
            "row": 3,
            "timestamp": "2025-02-22T00:28:53.529845"
        },
        {
            "move_number": 9,
            "player": 1,
            "column": 2,
            "row": 2,
            "timestamp": "2025-02-22T00:28:53.529943"
        },
        {
            "move_number": 10,
            "player": 2,
            "column": 1,
            "row": 5,
            "timestamp": "2025-02-22T00:28:55.530025"
        },
        {
            "move_number": 11,
            "player": 1,
            "column": 3,
            "row": 0,
            "timestamp": "2025-02-22T00:28:55.530156"
        },
        {
            "move_number": 12,
            "player": 2,
            "column": 4,
            "row": 5,
            "timestamp": "2025-02-22T00:28:57.530227"
        },
        {
            "move_number": 13,
            "player": 1,
            "column": 2,
            "row": 1,
            "timestamp": "2025-02-22T00:28:57.530358"
        },
        {
            "move_number": 14,
            "player": 2,
            "column": 4,
            "row": 4,
            "timestamp": "2025-02-22T00:28:59.530410"
        },
        {
            "move_number": 15,
            "player": 1,
            "column": 2,
            "row": 0,
            "timestamp": "2025-02-22T00:28:59.530541"
        },
        {
            "move_number": 16,
            "player": 2,
            "column": 4,
            "row": 3,
            "timestamp": "2025-02-22T00:29:01.530611"
        },
        {
            "move_number": 17,
            "player": 1,
            "column": 4,
            "row": 2,
            "timestamp": "2025-02-22T00:29:01.530702"
        },
        {
            "move_number": 18,
            "player": 2,
            "column": 6,
            "row": 5,
            "timestamp": "2025-02-22T00:29:03.530776"
        },
        {
            "move_number": 19,
            "player": 1,
            "column": 4,
            "row": 1,
            "timestamp": "2025-02-22T00:29:03.530883"
        },
        {
            "move_number": 20,
            "player": 2,
            "column": 4,
            "row": 0,
            "timestamp": "2025-02-22T00:29:05.530936"
        },
        {
            "move_number": 21,
            "player": 1,
            "column": 1,
            "row": 4,
            "timestamp": "2025-02-22T00:29:05.531049"
        },
        {
            "move_number": 22,
            "player": 2,
            "column": 1,
            "row": 3,
            "timestamp": "2025-02-22T00:29:07.531098"
        }
    ]
}