{
    "metadata": {
        "bot1": "HeuristicBot",
        "bot2": "MCTSBot",
        "game_number": 248,
        "ordering": "normal",
        "result": "MCTSBot"
    },
    "move_log": [
        {
            "move_number": 1,
            "player": 1,
            "column": 3,
            "row": 5,
            "timestamp": "2025-02-21T23:26:06.408312"
        },
        {
            "move_number": 2,
            "player": 2,
            "column": 3,
            "row": 4,
            "timestamp": "2025-02-21T23:26:08.408446"
        },
        {
            "move_number": 3,
            "player": 1,
            "column": 3,
            "row": 3,
            "timestamp": "2025-02-21T23:26:08.408698"
        },
        {
            "move_number": 4,
            "player": 2,
            "column": 2,
            "row": 5,
            "timestamp": "2025-02-21T23:26:10.408768"
        },
        {
            "move_number": 5,
            "player": 1,
            "column": 3,
            "row": 2,
            "timestamp": "2025-02-21T23:26:10.408895"
        },
        {
            "move_number": 6,
            "player": 2,
            "column": 2,
            "row": 4,
            "timestamp": "2025-02-21T23:26:12.408979"
        },
        {
            "move_number": 7,
            "player": 1,
            "column": 3,
            "row": 1,
            "timestamp": "2025-02-21T23:26:12.409245"
        },
        {
            "move_number": 8,
            "player": 2,
            "column": 3,
            "row": 0,
            "timestamp": "2025-02-21T23:26:14.409351"
        },
        {
            "move_number": 9,
            "player": 1,
            "column": 2,
            "row": 3,
            "timestamp": "2025-02-21T23:26:14.409454"
        },
        {
            "move_number": 10,
            "player": 2,
            "column": 0,
            "row": 5,
            "timestamp": "2025-02-21T23:26:16.409650"
        },
        {
            "move_number": 11,
            "player": 1,
            "column": 2,
            "row": 2,
            "timestamp": "2025-02-21T23:26:16.409771"
        },
        {
            "move_number": 12,
            "player": 2,
            "column": 0,
            "row": 4,
            "timestamp": "2025-02-21T23:26:18.409814"
        },
        {
            "move_number": 13,
            "player": 1,
            "column": 2,
            "row": 1,
            "timestamp": "2025-02-21T23:26:18.409946"
        },
        {
            "move_number": 14,
            "player": 2,
            "column": 2,
            "row": 0,
            "timestamp": "2025-02-21T23:26:20.410059"
        },
        {
            "move_number": 15,
            "player": 1,
            "column": 4,
            "row": 5,
            "timestamp": "2025-02-21T23:26:20.410168"
        },
        {
            "move_number": 16,
            "player": 2,
            "column": 5,
            "row": 5,
            "timestamp": "2025-02-21T23:26:22.410256"
        },
        {
            "move_number": 17,
            "player": 1,
            "column": 4,
            "row": 4,
            "timestamp": "2025-02-21T23:26:22.410388"
        },
        {
            "move_number": 18,
            "player": 2,
            "column": 4,
            "row": 3,
            "timestamp": "2025-02-21T23:26:24.410530"
        },
        {
            "move_number": 19,
            "player": 1,
            "column": 4,
            "row": 2,
            "timestamp": "2025-02-21T23:26:24.410654"
        },
        {
            "move_number": 20,
            "player": 2,
            "column": 0,
            "row": 3,
            "timestamp": "2025-02-21T23:26:26.410696"
        },
        {
            "move_number": 21,
            "player": 1,
            "column": 0,
            "row": 2,
            "timestamp": "2025-02-21T23:26:26.410772"
        },
        {
            "move_number": 22,
            "player": 2,
            "column": 4,
            "row": 1,
            "timestamp": "2025-02-21T23:26:28.410819"
        },
        {
            "move_number": 23,
            "player": 1,
            "column": 4,
            "row": 0,
            "timestamp": "2025-02-21T23:26:28.410933"
        },
        {
            "move_number": 24,
            "player": 2,
            "column": 5,
            "row": 4,
            "timestamp": "2025-02-21T23:26:30.411048"
        },
        {
            "move_number": 25,
            "player": 1,
            "column": 1,
            "row": 5,
            "timestamp": "2025-02-21T23:26:30.411145"
        },
        {
            "move_number": 26,
            "player": 2,
            "column": 1,
            "row": 4,
            "timestamp": "2025-02-21T23:26:32.411177"
        }
    ]
}