{
    "metadata": {
        "bot1": "HeuristicBot",
        "bot2": "MCTSBot",
        "game_number": 241,
        "ordering": "normal",
        "result": "MCTSBot"
    },
    "move_log": [
        {
            "move_number": 1,
            "player": 1,
            "column": 3,
            "row": 5,
            "timestamp": "2025-02-21T23:23:44.363101"
        },
        {
            "move_number": 2,
            "player": 2,
            "column": 4,
            "row": 5,
            "timestamp": "2025-02-21T23:23:46.363308"
        },
        {
            "move_number": 3,
            "player": 1,
            "column": 3,
            "row": 4,
            "timestamp": "2025-02-21T23:23:46.363432"
        },
        {
            "move_number": 4,
            "player": 2,
            "column": 3,
            "row": 3,
            "timestamp": "2025-02-21T23:23:48.363623"
        },
        {
            "move_number": 5,
            "player": 1,
            "column": 3,
            "row": 2,
            "timestamp": "2025-02-21T23:23:48.363737"
        },
        {
            "move_number": 6,
            "player": 2,
            "column": 4,
            "row": 4,
            "timestamp": "2025-02-21T23:23:50.363807"
        },
        {
            "move_number": 7,
            "player": 1,
            "column": 3,
            "row": 1,
            "timestamp": "2025-02-21T23:23:50.363929"
        },
        {
            "move_number": 8,
            "player": 2,
            "column": 4,
            "row": 3,
            "timestamp": "2025-02-21T23:23:52.364017"
        },
        {
            "move_number": 9,
            "player": 1,
            "column": 4,
            "row": 2,
            "timestamp": "2025-02-21T23:23:52.364131"
        },
        {
            "move_number": 10,
            "player": 2,
            "column": 2,
            "row": 5,
            "timestamp": "2025-02-21T23:23:54.364188"
        },
        {
            "move_number": 11,
            "player": 1,
            "column": 3,
            "row": 0,
            "timestamp": "2025-02-21T23:23:54.364312"
        },
        {
            "move_number": 12,
            "player": 2,
            "column": 5,
            "row": 5,
            "timestamp": "2025-02-21T23:23:56.364490"
        },
        {
            "move_number": 13,
            "player": 1,
            "column": 2,
            "row": 4,
            "timestamp": "2025-02-21T23:23:56.364604"
        },
        {
            "move_number": 14,
            "player": 2,
            "column": 2,
            "row": 3,
            "timestamp": "2025-02-21T23:23:58.364661"
        },
        {
            "move_number": 15,
            "player": 1,
            "column": 2,
            "row": 2,
            "timestamp": "2025-02-21T23:23:58.364753"
        },
        {
            "move_number": 16,
            "player": 2,
            "column": 1,
            "row": 5,
            "timestamp": "2025-02-21T23:24:00.364826"
        },
        {
            "move_number": 17,
            "player": 1,
            "column": 2,
            "row": 1,
            "timestamp": "2025-02-21T23:24:00.364950"
        },
        {
            "move_number": 18,
            "player": 2,
            "column": 2,
            "row": 0,
            "timestamp": "2025-02-21T23:24:02.364993"
        },
        {
            "move_number": 19,
            "player": 1,
            "column": 4,
            "row": 1,
            "timestamp": "2025-02-21T23:24:02.365217"
        },
        {
            "move_number": 20,
            "player": 2,
            "column": 4,
            "row": 0,
            "timestamp": "2025-02-21T23:24:04.365321"
        },
        {
            "move_number": 21,
            "player": 1,
            "column": 1,
            "row": 4,
            "timestamp": "2025-02-21T23:24:04.365445"
        },
        {
            "move_number": 22,
            "player": 2,
            "column": 1,
            "row": 3,
            "timestamp": "2025-02-21T23:24:06.365490"
        }
    ]
}