{
    "metadata": {
        "bot1": "MCTSBot",
        "bot2": "HeuristicBot",
        "game_number": 507,
        "ordering": "reversed",
        "result": "MCTSBot"
    },
    "move_log": [
        {
            "move_number": 1,
            "player": 1,
            "column": 3,
            "row": 5,
            "timestamp": "2025-02-22T01:03:30.105544"
        },
        {
            "move_number": 2,
            "player": 2,
            "column": 3,
            "row": 4,
            "timestamp": "2025-02-22T01:03:30.105673"
        },
        {
            "move_number": 3,
            "player": 1,
            "column": 2,
            "row": 5,
            "timestamp": "2025-02-22T01:03:32.105803"
        },
        {
            "move_number": 4,
            "player": 2,
            "column": 3,
            "row": 3,
            "timestamp": "2025-02-22T01:03:32.106084"
        },
        {
            "move_number": 5,
            "player": 1,
            "column": 4,
            "row": 5,
            "timestamp": "2025-02-22T01:03:34.106422"
        },
        {
            "move_number": 6,
            "player": 2,
            "column": 1,
            "row": 5,
            "timestamp": "2025-02-22T01:03:34.106613"
        },
        {
            "move_number": 7,
            "player": 1,
            "column": 5,
            "row": 5,
            "timestamp": "2025-02-22T01:03:36.106803"
        }
    ]
}