{
    "metadata": {
        "bot1": "HeuristicBot",
        "bot2": "MCTSBot",
        "game_number": 263,
        "ordering": "normal",
        "result": "HeuristicBot"
    },
    "move_log": [
        {
            "move_number": 1,
            "player": 1,
            "column": 3,
            "row": 5,
            "timestamp": "2025-02-21T23:31:32.501457"
        },
        {
            "move_number": 2,
            "player": 2,
            "column": 3,
            "row": 4,
            "timestamp": "2025-02-21T23:31:34.501555"
        },
        {
            "move_number": 3,
            "player": 1,
            "column": 3,
            "row": 3,
            "timestamp": "2025-02-21T23:31:34.501695"
        },
        {
            "move_number": 4,
            "player": 2,
            "column": 2,
            "row": 5,
            "timestamp": "2025-02-21T23:31:36.501756"
        },
        {
            "move_number": 5,
            "player": 1,
            "column": 3,
            "row": 2,
            "timestamp": "2025-02-21T23:31:36.501987"
        },
        {
            "move_number": 6,
            "player": 2,
            "column": 2,
            "row": 4,
            "timestamp": "2025-02-21T23:31:38.502231"
        },
        {
            "move_number": 7,
            "player": 1,
            "column": 3,
            "row": 1,
            "timestamp": "2025-02-21T23:31:38.502388"
        },
        {
            "move_number": 8,
            "player": 2,
            "column": 3,
            "row": 0,
            "timestamp": "2025-02-21T23:31:40.502830"
        },
        {
            "move_number": 9,
            "player": 1,
            "column": 2,
            "row": 3,
            "timestamp": "2025-02-21T23:31:40.503082"
        },
        {
            "move_number": 10,
            "player": 2,
            "column": 6,
            "row": 5,
            "timestamp": "2025-02-21T23:31:42.503148"
        },
        {
            "move_number": 11,
            "player": 1,
            "column": 2,
            "row": 2,
            "timestamp": "2025-02-21T23:31:42.503270"
        },
        {
            "move_number": 12,
            "player": 2,
            "column": 2,
            "row": 1,
            "timestamp": "2025-02-21T23:31:44.503320"
        },
        {
            "move_number": 13,
            "player": 1,
            "column": 2,
            "row": 0,
            "timestamp": "2025-02-21T23:31:44.503456"
        },
        {
            "move_number": 14,
            "player": 2,
            "column": 5,
            "row": 5,
            "timestamp": "2025-02-21T23:31:46.503502"
        },
        {
            "move_number": 15,
            "player": 1,
            "column": 4,
            "row": 5,
            "timestamp": "2025-02-21T23:31:46.503613"
        },
        {
            "move_number": 16,
            "player": 2,
            "column": 4,
            "row": 4,
            "timestamp": "2025-02-21T23:31:48.503744"
        },
        {
            "move_number": 17,
            "player": 1,
            "column": 5,
            "row": 4,
            "timestamp": "2025-02-21T23:31:48.503849"
        },
        {
            "move_number": 18,
            "player": 2,
            "column": 4,
            "row": 3,
            "timestamp": "2025-02-21T23:31:50.503893"
        },
        {
            "move_number": 19,
            "player": 1,
            "column": 4,
            "row": 2,
            "timestamp": "2025-02-21T23:31:50.504009"
        },
        {
            "move_number": 20,
            "player": 2,
            "column": 5,
            "row": 3,
            "timestamp": "2025-02-21T23:31:52.504176"
        },
        {
            "move_number": 21,
            "player": 1,
            "column": 5,
            "row": 2,
            "timestamp": "2025-02-21T23:31:52.504301"
        }
    ]
}