{
    "metadata": {
        "bot1": "MCTSBot",
        "bot2": "HeuristicBot",
        "game_number": 505,
        "ordering": "reversed",
        "result": "MCTSBot"
    },
    "move_log": [
        {
            "move_number": 1,
            "player": 1,
            "column": 3,
            "row": 5,
            "timestamp": "2025-02-22T01:03:14.089513"
        },
        {
            "move_number": 2,
            "player": 2,
            "column": 3,
            "row": 4,
            "timestamp": "2025-02-22T01:03:14.089664"
        },
        {
            "move_number": 3,
            "player": 1,
            "column": 4,
            "row": 5,
            "timestamp": "2025-02-22T01:03:16.089736"
        },
        {
            "move_number": 4,
            "player": 2,
            "column": 3,
            "row": 3,
            "timestamp": "2025-02-22T01:03:16.089919"
        },
        {
            "move_number": 5,
            "player": 1,
            "column": 5,
            "row": 5,
            "timestamp": "2025-02-22T01:03:18.089962"
        },
        {
            "move_number": 6,
            "player": 2,
            "column": 2,
            "row": 5,
            "timestamp": "2025-02-22T01:03:18.090056"
        },
        {
            "move_number": 7,
            "player": 1,
            "column": 6,
            "row": 5,
            "timestamp": "2025-02-22T01:03:20.090130"
        }
    ]
}