{
    "metadata": {
        "bot1": "HeuristicBot",
        "bot2": "MCTSBot",
        "game_number": 342,
        "ordering": "normal",
        "result": "MCTSBot"
    },
    "move_log": [
        {
            "move_number": 1,
            "player": 1,
            "column": 3,
            "row": 5,
            "timestamp": "2025-02-22T00:01:01.073978"
        },
        {
            "move_number": 2,
            "player": 2,
            "column": 4,
            "row": 5,
            "timestamp": "2025-02-22T00:01:03.074202"
        },
        {
            "move_number": 3,
            "player": 1,
            "column": 3,
            "row": 4,
            "timestamp": "2025-02-22T00:01:03.074471"
        },
        {
            "move_number": 4,
            "player": 2,
            "column": 4,
            "row": 4,
            "timestamp": "2025-02-22T00:01:05.074571"
        },
        {
            "move_number": 5,
            "player": 1,
            "column": 3,
            "row": 3,
            "timestamp": "2025-02-22T00:01:05.074709"
        },
        {
            "move_number": 6,
            "player": 2,
            "column": 3,
            "row": 2,
            "timestamp": "2025-02-22T00:01:07.074907"
        },
        {
            "move_number": 7,
            "player": 1,
            "column": 3,
            "row": 1,
            "timestamp": "2025-02-22T00:01:07.075032"
        },
        {
            "move_number": 8,
            "player": 2,
            "column": 4,
            "row": 3,
            "timestamp": "2025-02-22T00:01:09.075088"
        },
        {
            "move_number": 9,
            "player": 1,
            "column": 4,
            "row": 2,
            "timestamp": "2025-02-22T00:01:09.075211"
        },
        {
            "move_number": 10,
            "player": 2,
            "column": 6,
            "row": 5,
            "timestamp": "2025-02-22T00:01:11.075350"
        },
        {
            "move_number": 11,
            "player": 1,
            "column": 3,
            "row": 0,
            "timestamp": "2025-02-22T00:01:11.075455"
        },
        {
            "move_number": 12,
            "player": 2,
            "column": 1,
            "row": 5,
            "timestamp": "2025-02-22T00:01:13.075534"
        },
        {
            "move_number": 13,
            "player": 1,
            "column": 2,
            "row": 5,
            "timestamp": "2025-02-22T00:01:13.075658"
        },
        {
            "move_number": 14,
            "player": 2,
            "column": 1,
            "row": 4,
            "timestamp": "2025-02-22T00:01:15.075823"
        },
        {
            "move_number": 15,
            "player": 1,
            "column": 2,
            "row": 4,
            "timestamp": "2025-02-22T00:01:15.075948"
        },
        {
            "move_number": 16,
            "player": 2,
            "column": 2,
            "row": 3,
            "timestamp": "2025-02-22T00:01:17.076213"
        },
        {
            "move_number": 17,
            "player": 1,
            "column": 0,
            "row": 5,
            "timestamp": "2025-02-22T00:01:17.076382"
        },
        {
            "move_number": 18,
            "player": 2,
            "column": 4,
            "row": 1,
            "timestamp": "2025-02-22T00:01:19.076564"
        }
    ]
}