{
    "metadata": {
        "bot1": "HeuristicBot",
        "bot2": "MCTSBot",
        "game_number": 444,
        "ordering": "normal",
        "result": "HeuristicBot"
    },
    "move_log": [
        {
            "move_number": 1,
            "player": 1,
            "column": 3,
            "row": 5,
            "timestamp": "2025-02-22T00:40:11.748737"
        },
        {
            "move_number": 2,
            "player": 2,
            "column": 3,
            "row": 4,
            "timestamp": "2025-02-22T00:40:13.748833"
        },
        {
            "move_number": 3,
            "player": 1,
            "column": 3,
            "row": 3,
            "timestamp": "2025-02-22T00:40:13.748953"
        },
        {
            "move_number": 4,
            "player": 2,
            "column": 5,
            "row": 5,
            "timestamp": "2025-02-22T00:40:15.749059"
        },
        {
            "move_number": 5,
            "player": 1,
            "column": 3,
            "row": 2,
            "timestamp": "2025-02-22T00:40:15.749176"
        },
        {
            "move_number": 6,
            "player": 2,
            "column": 5,
            "row": 4,
            "timestamp": "2025-02-22T00:40:17.749324"
        },
        {
            "move_number": 7,
            "player": 1,
            "column": 3,
            "row": 1,
            "timestamp": "2025-02-22T00:40:17.749456"
        },
        {
            "move_number": 8,
            "player": 2,
            "column": 3,
            "row": 0,
            "timestamp": "2025-02-22T00:40:19.749651"
        },
        {
            "move_number": 9,
            "player": 1,
            "column": 2,
            "row": 5,
            "timestamp": "2025-02-22T00:40:19.749783"
        },
        {
            "move_number": 10,
            "player": 2,
            "column": 5,
            "row": 3,
            "timestamp": "2025-02-22T00:40:21.749972"
        },
        {
            "move_number": 11,
            "player": 1,
            "column": 5,
            "row": 2,
            "timestamp": "2025-02-22T00:40:21.750295"
        },
        {
            "move_number": 12,
            "player": 2,
            "column": 1,
            "row": 5,
            "timestamp": "2025-02-22T00:40:23.750441"
        },
        {
            "move_number": 13,
            "player": 1,
            "column": 2,
            "row": 4,
            "timestamp": "2025-02-22T00:40:23.750542"
        },
        {
            "move_number": 14,
            "player": 2,
            "column": 2,
            "row": 3,
            "timestamp": "2025-02-22T00:40:25.750647"
        },
        {
            "move_number": 15,
            "player": 1,
            "column": 2,
            "row": 2,
            "timestamp": "2025-02-22T00:40:25.750953"
        },
        {
            "move_number": 16,
            "player": 2,
            "column": 4,
            "row": 5,
            "timestamp": "2025-02-22T00:40:27.751022"
        },
        {
            "move_number": 17,
            "player": 1,
            "column": 2,
            "row": 1,
            "timestamp": "2025-02-22T00:40:27.751163"
        },
        {
            "move_number": 18,
            "player": 2,
            "column": 4,
            "row": 4,
            "timestamp": "2025-02-22T00:40:29.751261"
        },
        {
            "move_number": 19,
            "player": 1,
            "column": 2,
            "row": 0,
            "timestamp": "2025-02-22T00:40:29.751419"
        },
        {
            "move_number": 20,
            "player": 2,
            "column": 6,
            "row": 5,
            "timestamp": "2025-02-22T00:40:31.751498"
        },
        {
            "move_number": 21,
            "player": 1,
            "column": 6,
            "row": 4,
            "timestamp": "2025-02-22T00:40:31.751590"
        },
        {
            "move_number": 22,
            "player": 2,
            "column": 4,
            "row": 3,
            "timestamp": "2025-02-22T00:40:33.751691"
        },
        {
            "move_number": 23,
            "player": 1,
            "column": 4,
            "row": 2,
            "timestamp": "2025-02-22T00:40:33.751740"
        }
    ]
}