{
    "metadata": {
        "bot1": "HeuristicBot",
        "bot2": "MCTSBot",
        "game_number": 438,
        "ordering": "normal",
        "result": "MCTSBot"
    },
    "move_log": [
        {
            "move_number": 1,
            "player": 1,
            "column": 3,
            "row": 5,
            "timestamp": "2025-02-22T00:37:59.680453"
        },
        {
            "move_number": 2,
            "player": 2,
            "column": 3,
            "row": 4,
            "timestamp": "2025-02-22T00:38:01.680558"
        },
        {
            "move_number": 3,
            "player": 1,
            "column": 3,
            "row": 3,
            "timestamp": "2025-02-22T00:38:01.680698"
        },
        {
            "move_number": 4,
            "player": 2,
            "column": 4,
            "row": 5,
            "timestamp": "2025-02-22T00:38:03.680835"
        },
        {
            "move_number": 5,
            "player": 1,
            "column": 3,
            "row": 2,
            "timestamp": "2025-02-22T00:38:03.680977"
        },
        {
            "move_number": 6,
            "player": 2,
            "column": 4,
            "row": 4,
            "timestamp": "2025-02-22T00:38:05.681155"
        },
        {
            "move_number": 7,
            "player": 1,
            "column": 3,
            "row": 1,
            "timestamp": "2025-02-22T00:38:05.681304"
        },
        {
            "move_number": 8,
            "player": 2,
            "column": 3,
            "row": 0,
            "timestamp": "2025-02-22T00:38:07.681633"
        },
        {
            "move_number": 9,
            "player": 1,
            "column": 2,
            "row": 5,
            "timestamp": "2025-02-22T00:38:07.681911"
        },
        {
            "move_number": 10,
            "player": 2,
            "column": 2,
            "row": 4,
            "timestamp": "2025-02-22T00:38:09.682047"
        },
        {
            "move_number": 11,
            "player": 1,
            "column": 2,
            "row": 3,
            "timestamp": "2025-02-22T00:38:09.682158"
        },
        {
            "move_number": 12,
            "player": 2,
            "column": 0,
            "row": 5,
            "timestamp": "2025-02-22T00:38:11.682276"
        },
        {
            "move_number": 13,
            "player": 1,
            "column": 2,
            "row": 2,
            "timestamp": "2025-02-22T00:38:11.682580"
        },
        {
            "move_number": 14,
            "player": 2,
            "column": 4,
            "row": 3,
            "timestamp": "2025-02-22T00:38:13.682637"
        },
        {
            "move_number": 15,
            "player": 1,
            "column": 4,
            "row": 2,
            "timestamp": "2025-02-22T00:38:13.683019"
        },
        {
            "move_number": 16,
            "player": 2,
            "column": 4,
            "row": 1,
            "timestamp": "2025-02-22T00:38:15.683244"
        },
        {
            "move_number": 17,
            "player": 1,
            "column": 2,
            "row": 1,
            "timestamp": "2025-02-22T00:38:15.683513"
        },
        {
            "move_number": 18,
            "player": 2,
            "column": 2,
            "row": 0,
            "timestamp": "2025-02-22T00:38:17.683556"
        },
        {
            "move_number": 19,
            "player": 1,
            "column": 4,
            "row": 0,
            "timestamp": "2025-02-22T00:38:17.683672"
        },
        {
            "move_number": 20,
            "player": 2,
            "column": 0,
            "row": 4,
            "timestamp": "2025-02-22T00:38:19.683768"
        },
        {
            "move_number": 21,
            "player": 1,
            "column": 1,
            "row": 5,
            "timestamp": "2025-02-22T00:38:19.683885"
        },
        {
            "move_number": 22,
            "player": 2,
            "column": 0,
            "row": 3,
            "timestamp": "2025-02-22T00:38:21.683955"
        },
        {
            "move_number": 23,
            "player": 1,
            "column": 0,
            "row": 2,
            "timestamp": "2025-02-22T00:38:21.684133"
        },
        {
            "move_number": 24,
            "player": 2,
            "column": 1,
            "row": 4,
            "timestamp": "2025-02-22T00:38:23.684253"
        }
    ]
}