{
    "metadata": {
        "bot1": "MCTSBot",
        "bot2": "HeuristicBot",
        "game_number": 501,
        "ordering": "reversed",
        "result": "MCTSBot"
    },
    "move_log": [
        {
            "move_number": 1,
            "player": 1,
            "column": 3,
            "row": 5,
            "timestamp": "2025-02-22T01:02:42.067531"
        },
        {
            "move_number": 2,
            "player": 2,
            "column": 3,
            "row": 4,
            "timestamp": "2025-02-22T01:02:42.067660"
        },
        {
            "move_number": 3,
            "player": 1,
            "column": 2,
            "row": 5,
            "timestamp": "2025-02-22T01:02:44.067691"
        },
        {
            "move_number": 4,
            "player": 2,
            "column": 3,
            "row": 3,
            "timestamp": "2025-02-22T01:02:44.067812"
        },
        {
            "move_number": 5,
            "player": 1,
            "column": 1,
            "row": 5,
            "timestamp": "2025-02-22T01:02:46.067993"
        },
        {
            "move_number": 6,
            "player": 2,
            "column": 0,
            "row": 5,
            "timestamp": "2025-02-22T01:02:46.068082"
        },
        {
            "move_number": 7,
            "player": 1,
            "column": 4,
            "row": 5,
            "timestamp": "2025-02-22T01:02:48.068201"
        }
    ]
}