{
    "metadata": {
        "bot1": "HeuristicBot",
        "bot2": "MCTSBot",
        "game_number": 84,
        "ordering": "normal",
        "result": "MCTSBot"
    },
    "move_log": [
        {
            "move_number": 1,
            "player": 1,
            "column": 3,
            "row": 5,
            "timestamp": "2025-02-21T22:24:23.288651"
        },
        {
            "move_number": 2,
            "player": 2,
            "column": 4,
            "row": 5,
            "timestamp": "2025-02-21T22:24:25.288789"
        },
        {
            "move_number": 3,
            "player": 1,
            "column": 3,
            "row": 4,
            "timestamp": "2025-02-21T22:24:25.288955"
        },
        {
            "move_number": 4,
            "player": 2,
            "column": 3,
            "row": 3,
            "timestamp": "2025-02-21T22:24:27.289173"
        },
        {
            "move_number": 5,
            "player": 1,
            "column": 3,
            "row": 2,
            "timestamp": "2025-02-21T22:24:27.289382"
        },
        {
            "move_number": 6,
            "player": 2,
            "column": 4,
            "row": 4,
            "timestamp": "2025-02-21T22:24:29.289777"
        },
        {
            "move_number": 7,
            "player": 1,
            "column": 3,
            "row": 1,
            "timestamp": "2025-02-21T22:24:29.290141"
        },
        {
            "move_number": 8,
            "player": 2,
            "column": 4,
            "row": 3,
            "timestamp": "2025-02-21T22:24:31.290228"
        },
        {
            "move_number": 9,
            "player": 1,
            "column": 4,
            "row": 2,
            "timestamp": "2025-02-21T22:24:31.290340"
        },
        {
            "move_number": 10,
            "player": 2,
            "column": 0,
            "row": 5,
            "timestamp": "2025-02-21T22:24:33.290388"
        },
        {
            "move_number": 11,
            "player": 1,
            "column": 3,
            "row": 0,
            "timestamp": "2025-02-21T22:24:33.290524"
        },
        {
            "move_number": 12,
            "player": 2,
            "column": 0,
            "row": 4,
            "timestamp": "2025-02-21T22:24:35.290699"
        },
        {
            "move_number": 13,
            "player": 1,
            "column": 2,
            "row": 5,
            "timestamp": "2025-02-21T22:24:35.290826"
        },
        {
            "move_number": 14,
            "player": 2,
            "column": 0,
            "row": 3,
            "timestamp": "2025-02-21T22:24:37.290966"
        },
        {
            "move_number": 15,
            "player": 1,
            "column": 0,
            "row": 2,
            "timestamp": "2025-02-21T22:24:37.291052"
        },
        {
            "move_number": 16,
            "player": 2,
            "column": 5,
            "row": 5,
            "timestamp": "2025-02-21T22:24:39.291136"
        },
        {
            "move_number": 17,
            "player": 1,
            "column": 2,
            "row": 4,
            "timestamp": "2025-02-21T22:24:39.291270"
        },
        {
            "move_number": 18,
            "player": 2,
            "column": 2,
            "row": 3,
            "timestamp": "2025-02-21T22:24:41.291346"
        },
        {
            "move_number": 19,
            "player": 1,
            "column": 2,
            "row": 2,
            "timestamp": "2025-02-21T22:24:41.291451"
        },
        {
            "move_number": 20,
            "player": 2,
            "column": 4,
            "row": 1,
            "timestamp": "2025-02-21T22:24:43.291558"
        },
        {
            "move_number": 21,
            "player": 1,
            "column": 2,
            "row": 1,
            "timestamp": "2025-02-21T22:24:43.291686"
        },
        {
            "move_number": 22,
            "player": 2,
            "column": 2,
            "row": 0,
            "timestamp": "2025-02-21T22:24:45.291781"
        },
        {
            "move_number": 23,
            "player": 1,
            "column": 4,
            "row": 0,
            "timestamp": "2025-02-21T22:24:45.291917"
        },
        {
            "move_number": 24,
            "player": 2,
            "column": 1,
            "row": 5,
            "timestamp": "2025-02-21T22:24:47.291978"
        },
        {
            "move_number": 25,
            "player": 1,
            "column": 1,
            "row": 4,
            "timestamp": "2025-02-21T22:24:47.292076"
        },
        {
            "move_number": 26,
            "player": 2,
            "column": 1,
            "row": 3,
            "timestamp": "2025-02-21T22:24:49.292120"
        }
    ]
}