{
    "metadata": {
        "bot1": "HeuristicBot",
        "bot2": "MCTSBot",
        "game_number": 498,
        "ordering": "normal",
        "result": "MCTSBot"
    },
    "move_log": [
        {
            "move_number": 1,
            "player": 1,
            "column": 3,
            "row": 5,
            "timestamp": "2025-02-22T01:01:18.052286"
        },
        {
            "move_number": 2,
            "player": 2,
            "column": 4,
            "row": 5,
            "timestamp": "2025-02-22T01:01:20.052354"
        },
        {
            "move_number": 3,
            "player": 1,
            "column": 3,
            "row": 4,
            "timestamp": "2025-02-22T01:01:20.052480"
        },
        {
            "move_number": 4,
            "player": 2,
            "column": 3,
            "row": 3,
            "timestamp": "2025-02-22T01:01:22.052512"
        },
        {
            "move_number": 5,
            "player": 1,
            "column": 3,
            "row": 2,
            "timestamp": "2025-02-22T01:01:22.052635"
        },
        {
            "move_number": 6,
            "player": 2,
            "column": 4,
            "row": 4,
            "timestamp": "2025-02-22T01:01:24.052838"
        },
        {
            "move_number": 7,
            "player": 1,
            "column": 3,
            "row": 1,
            "timestamp": "2025-02-22T01:01:24.052963"
        },
        {
            "move_number": 8,
            "player": 2,
            "column": 4,
            "row": 3,
            "timestamp": "2025-02-22T01:01:26.053068"
        },
        {
            "move_number": 9,
            "player": 1,
            "column": 4,
            "row": 2,
            "timestamp": "2025-02-22T01:01:26.053193"
        },
        {
            "move_number": 10,
            "player": 2,
            "column": 0,
            "row": 5,
            "timestamp": "2025-02-22T01:01:28.053315"
        },
        {
            "move_number": 11,
            "player": 1,
            "column": 3,
            "row": 0,
            "timestamp": "2025-02-22T01:01:28.053423"
        },
        {
            "move_number": 12,
            "player": 2,
            "column": 0,
            "row": 4,
            "timestamp": "2025-02-22T01:01:30.053469"
        },
        {
            "move_number": 13,
            "player": 1,
            "column": 2,
            "row": 5,
            "timestamp": "2025-02-22T01:01:30.053708"
        },
        {
            "move_number": 14,
            "player": 2,
            "column": 0,
            "row": 3,
            "timestamp": "2025-02-22T01:01:32.053756"
        },
        {
            "move_number": 15,
            "player": 1,
            "column": 0,
            "row": 2,
            "timestamp": "2025-02-22T01:01:32.053849"
        },
        {
            "move_number": 16,
            "player": 2,
            "column": 5,
            "row": 5,
            "timestamp": "2025-02-22T01:01:34.053973"
        },
        {
            "move_number": 17,
            "player": 1,
            "column": 2,
            "row": 4,
            "timestamp": "2025-02-22T01:01:34.054107"
        },
        {
            "move_number": 18,
            "player": 2,
            "column": 2,
            "row": 3,
            "timestamp": "2025-02-22T01:01:36.054184"
        },
        {
            "move_number": 19,
            "player": 1,
            "column": 2,
            "row": 2,
            "timestamp": "2025-02-22T01:01:36.054283"
        },
        {
            "move_number": 20,
            "player": 2,
            "column": 0,
            "row": 1,
            "timestamp": "2025-02-22T01:01:38.054426"
        },
        {
            "move_number": 21,
            "player": 1,
            "column": 2,
            "row": 1,
            "timestamp": "2025-02-22T01:01:38.054567"
        },
        {
            "move_number": 22,
            "player": 2,
            "column": 1,
            "row": 5,
            "timestamp": "2025-02-22T01:01:40.054700"
        },
        {
            "move_number": 23,
            "player": 1,
            "column": 2,
            "row": 0,
            "timestamp": "2025-02-22T01:01:40.054835"
        },
        {
            "move_number": 24,
            "player": 2,
            "column": 6,
            "row": 5,
            "timestamp": "2025-02-22T01:01:42.054891"
        },
        {
            "move_number": 25,
            "player": 1,
            "column": 4,
            "row": 1,
            "timestamp": "2025-02-22T01:01:42.055012"
        },
        {
            "move_number": 26,
            "player": 2,
            "column": 6,
            "row": 4,
            "timestamp": "2025-02-22T01:01:44.055058"
        },
        {
            "move_number": 27,
            "player": 1,
            "column": 4,
            "row": 0,
            "timestamp": "2025-02-22T01:01:44.055188"
        },
        {
            "move_number": 28,
            "player": 2,
            "column": 6,
            "row": 3,
            "timestamp": "2025-02-22T01:01:46.055248"
        },
        {
            "move_number": 29,
            "player": 1,
            "column": 6,
            "row": 2,
            "timestamp": "2025-02-22T01:01:46.055343"
        },
        {
            "move_number": 30,
            "player": 2,
            "column": 0,
            "row": 0,
            "timestamp": "2025-02-22T01:01:48.055394"
        },
        {
            "move_number": 31,
            "player": 1,
            "column": 1,
            "row": 4,
            "timestamp": "2025-02-22T01:01:48.055482"
        },
        {
            "move_number": 32,
            "player": 2,
            "column": 1,
            "row": 3,
            "timestamp": "2025-02-22T01:01:50.055523"
        }
    ]
}