{
    "metadata": {
        "bot1": "HeuristicBot",
        "bot2": "MCTSBot",
        "game_number": 40,
        "ordering": "normal",
        "result": "MCTSBot"
    },
    "move_log": [
        {
            "move_number": 1,
            "player": 1,
            "column": 3,
            "row": 5,
            "timestamp": "2025-02-21T22:07:30.998769"
        },
        {
            "move_number": 2,
            "player": 2,
            "column": 2,
            "row": 5,
            "timestamp": "2025-02-21T22:07:32.998855"
        },
        {
            "move_number": 3,
            "player": 1,
            "column": 3,
            "row": 4,
            "timestamp": "2025-02-21T22:07:32.999057"
        },
        {
            "move_number": 4,
            "player": 2,
            "column": 2,
            "row": 4,
            "timestamp": "2025-02-21T22:07:34.999110"
        },
        {
            "move_number": 5,
            "player": 1,
            "column": 3,
            "row": 3,
            "timestamp": "2025-02-21T22:07:34.999296"
        },
        {
            "move_number": 6,
            "player": 2,
            "column": 3,
            "row": 2,
            "timestamp": "2025-02-21T22:07:36.999358"
        },
        {
            "move_number": 7,
            "player": 1,
            "column": 3,
            "row": 1,
            "timestamp": "2025-02-21T22:07:36.999904"
        },
        {
            "move_number": 8,
            "player": 2,
            "column": 2,
            "row": 3,
            "timestamp": "2025-02-21T22:07:39.000079"
        },
        {
            "move_number": 9,
            "player": 1,
            "column": 2,
            "row": 2,
            "timestamp": "2025-02-21T22:07:39.000219"
        },
        {
            "move_number": 10,
            "player": 2,
            "column": 0,
            "row": 5,
            "timestamp": "2025-02-21T22:07:41.000400"
        },
        {
            "move_number": 11,
            "player": 1,
            "column": 3,
            "row": 0,
            "timestamp": "2025-02-21T22:07:41.000621"
        },
        {
            "move_number": 12,
            "player": 2,
            "column": 5,
            "row": 5,
            "timestamp": "2025-02-21T22:07:43.001097"
        },
        {
            "move_number": 13,
            "player": 1,
            "column": 2,
            "row": 1,
            "timestamp": "2025-02-21T22:07:43.001305"
        },
        {
            "move_number": 14,
            "player": 2,
            "column": 0,
            "row": 4,
            "timestamp": "2025-02-21T22:07:45.001411"
        },
        {
            "move_number": 15,
            "player": 1,
            "column": 2,
            "row": 0,
            "timestamp": "2025-02-21T22:07:45.001607"
        },
        {
            "move_number": 16,
            "player": 2,
            "column": 0,
            "row": 3,
            "timestamp": "2025-02-21T22:07:47.001706"
        },
        {
            "move_number": 17,
            "player": 1,
            "column": 0,
            "row": 2,
            "timestamp": "2025-02-21T22:07:47.002019"
        },
        {
            "move_number": 18,
            "player": 2,
            "column": 5,
            "row": 4,
            "timestamp": "2025-02-21T22:07:49.002326"
        },
        {
            "move_number": 19,
            "player": 1,
            "column": 4,
            "row": 5,
            "timestamp": "2025-02-21T22:07:49.002511"
        },
        {
            "move_number": 20,
            "player": 2,
            "column": 5,
            "row": 3,
            "timestamp": "2025-02-21T22:07:51.002627"
        },
        {
            "move_number": 21,
            "player": 1,
            "column": 5,
            "row": 2,
            "timestamp": "2025-02-21T22:07:51.002771"
        },
        {
            "move_number": 22,
            "player": 2,
            "column": 6,
            "row": 5,
            "timestamp": "2025-02-21T22:07:53.002968"
        },
        {
            "move_number": 23,
            "player": 1,
            "column": 4,
            "row": 4,
            "timestamp": "2025-02-21T22:07:53.003142"
        },
        {
            "move_number": 24,
            "player": 2,
            "column": 4,
            "row": 3,
            "timestamp": "2025-02-21T22:07:55.003262"
        }
    ]
}