{
    "metadata": {
        "bot1": "HeuristicBot",
        "bot2": "MCTSBot",
        "game_number": 305,
        "ordering": "normal",
        "result": "HeuristicBot"
    },
    "move_log": [
        {
            "move_number": 1,
            "player": 1,
            "column": 3,
            "row": 5,
            "timestamp": "2025-02-21T23:47:28.817592"
        },
        {
            "move_number": 2,
            "player": 2,
            "column": 3,
            "row": 4,
            "timestamp": "2025-02-21T23:47:30.817719"
        },
        {
            "move_number": 3,
            "player": 1,
            "column": 3,
            "row": 3,
            "timestamp": "2025-02-21T23:47:30.817849"
        },
        {
            "move_number": 4,
            "player": 2,
            "column": 5,
            "row": 5,
            "timestamp": "2025-02-21T23:47:32.818004"
        },
        {
            "move_number": 5,
            "player": 1,
            "column": 3,
            "row": 2,
            "timestamp": "2025-02-21T23:47:32.818127"
        },
        {
            "move_number": 6,
            "player": 2,
            "column": 5,
            "row": 4,
            "timestamp": "2025-02-21T23:47:34.818334"
        },
        {
            "move_number": 7,
            "player": 1,
            "column": 3,
            "row": 1,
            "timestamp": "2025-02-21T23:47:34.818499"
        },
        {
            "move_number": 8,
            "player": 2,
            "column": 3,
            "row": 0,
            "timestamp": "2025-02-21T23:47:36.818548"
        },
        {
            "move_number": 9,
            "player": 1,
            "column": 2,
            "row": 5,
            "timestamp": "2025-02-21T23:47:36.818672"
        },
        {
            "move_number": 10,
            "player": 2,
            "column": 1,
            "row": 5,
            "timestamp": "2025-02-21T23:47:38.818763"
        },
        {
            "move_number": 11,
            "player": 1,
            "column": 2,
            "row": 4,
            "timestamp": "2025-02-21T23:47:38.818883"
        },
        {
            "move_number": 12,
            "player": 2,
            "column": 5,
            "row": 3,
            "timestamp": "2025-02-21T23:47:40.819009"
        },
        {
            "move_number": 13,
            "player": 1,
            "column": 5,
            "row": 2,
            "timestamp": "2025-02-21T23:47:40.819123"
        },
        {
            "move_number": 14,
            "player": 2,
            "column": 2,
            "row": 3,
            "timestamp": "2025-02-21T23:47:42.819375"
        },
        {
            "move_number": 15,
            "player": 1,
            "column": 2,
            "row": 2,
            "timestamp": "2025-02-21T23:47:42.819503"
        },
        {
            "move_number": 16,
            "player": 2,
            "column": 4,
            "row": 5,
            "timestamp": "2025-02-21T23:47:44.819617"
        },
        {
            "move_number": 17,
            "player": 1,
            "column": 2,
            "row": 1,
            "timestamp": "2025-02-21T23:47:44.819746"
        },
        {
            "move_number": 18,
            "player": 2,
            "column": 4,
            "row": 4,
            "timestamp": "2025-02-21T23:47:46.819889"
        },
        {
            "move_number": 19,
            "player": 1,
            "column": 2,
            "row": 0,
            "timestamp": "2025-02-21T23:47:46.820029"
        },
        {
            "move_number": 20,
            "player": 2,
            "column": 6,
            "row": 5,
            "timestamp": "2025-02-21T23:47:48.820125"
        },
        {
            "move_number": 21,
            "player": 1,
            "column": 6,
            "row": 4,
            "timestamp": "2025-02-21T23:47:48.820235"
        },
        {
            "move_number": 22,
            "player": 2,
            "column": 4,
            "row": 3,
            "timestamp": "2025-02-21T23:47:50.820269"
        },
        {
            "move_number": 23,
            "player": 1,
            "column": 4,
            "row": 2,
            "timestamp": "2025-02-21T23:47:50.820320"
        }
    ]
}