{
    "metadata": {
        "bot1": "HeuristicBot",
        "bot2": "MCTSBot",
        "game_number": 255,
        "ordering": "normal",
        "result": "MCTSBot"
    },
    "move_log": [
        {
            "move_number": 1,
            "player": 1,
            "column": 3,
            "row": 5,
            "timestamp": "2025-02-21T23:28:40.451647"
        },
        {
            "move_number": 2,
            "player": 2,
            "column": 2,
            "row": 5,
            "timestamp": "2025-02-21T23:28:42.451812"
        },
        {
            "move_number": 3,
            "player": 1,
            "column": 3,
            "row": 4,
            "timestamp": "2025-02-21T23:28:42.451934"
        },
        {
            "move_number": 4,
            "player": 2,
            "column": 3,
            "row": 3,
            "timestamp": "2025-02-21T23:28:44.452071"
        },
        {
            "move_number": 5,
            "player": 1,
            "column": 3,
            "row": 2,
            "timestamp": "2025-02-21T23:28:44.452188"
        },
        {
            "move_number": 6,
            "player": 2,
            "column": 2,
            "row": 4,
            "timestamp": "2025-02-21T23:28:46.452309"
        },
        {
            "move_number": 7,
            "player": 1,
            "column": 3,
            "row": 1,
            "timestamp": "2025-02-21T23:28:46.452424"
        },
        {
            "move_number": 8,
            "player": 2,
            "column": 2,
            "row": 3,
            "timestamp": "2025-02-21T23:28:48.452502"
        },
        {
            "move_number": 9,
            "player": 1,
            "column": 2,
            "row": 2,
            "timestamp": "2025-02-21T23:28:48.452603"
        },
        {
            "move_number": 10,
            "player": 2,
            "column": 1,
            "row": 5,
            "timestamp": "2025-02-21T23:28:50.452742"
        },
        {
            "move_number": 11,
            "player": 1,
            "column": 3,
            "row": 0,
            "timestamp": "2025-02-21T23:28:50.452872"
        },
        {
            "move_number": 12,
            "player": 2,
            "column": 4,
            "row": 5,
            "timestamp": "2025-02-21T23:28:52.452929"
        },
        {
            "move_number": 13,
            "player": 1,
            "column": 2,
            "row": 1,
            "timestamp": "2025-02-21T23:28:52.453048"
        },
        {
            "move_number": 14,
            "player": 2,
            "column": 4,
            "row": 4,
            "timestamp": "2025-02-21T23:28:54.453135"
        },
        {
            "move_number": 15,
            "player": 1,
            "column": 2,
            "row": 0,
            "timestamp": "2025-02-21T23:28:54.453260"
        },
        {
            "move_number": 16,
            "player": 2,
            "column": 4,
            "row": 3,
            "timestamp": "2025-02-21T23:28:56.453416"
        },
        {
            "move_number": 17,
            "player": 1,
            "column": 4,
            "row": 2,
            "timestamp": "2025-02-21T23:28:56.453504"
        },
        {
            "move_number": 18,
            "player": 2,
            "column": 6,
            "row": 5,
            "timestamp": "2025-02-21T23:28:58.453734"
        },
        {
            "move_number": 19,
            "player": 1,
            "column": 4,
            "row": 1,
            "timestamp": "2025-02-21T23:28:58.453934"
        },
        {
            "move_number": 20,
            "player": 2,
            "column": 6,
            "row": 4,
            "timestamp": "2025-02-21T23:29:00.453980"
        },
        {
            "move_number": 21,
            "player": 1,
            "column": 4,
            "row": 0,
            "timestamp": "2025-02-21T23:29:00.454092"
        },
        {
            "move_number": 22,
            "player": 2,
            "column": 6,
            "row": 3,
            "timestamp": "2025-02-21T23:29:02.454202"
        },
        {
            "move_number": 23,
            "player": 1,
            "column": 6,
            "row": 2,
            "timestamp": "2025-02-21T23:29:02.454296"
        },
        {
            "move_number": 24,
            "player": 2,
            "column": 0,
            "row": 5,
            "timestamp": "2025-02-21T23:29:04.454432"
        },
        {
            "move_number": 25,
            "player": 1,
            "column": 1,
            "row": 4,
            "timestamp": "2025-02-21T23:29:04.454547"
        },
        {
            "move_number": 26,
            "player": 2,
            "column": 1,
            "row": 3,
            "timestamp": "2025-02-21T23:29:06.454595"
        }
    ]
}