{
    "metadata": {
        "bot1": "HeuristicBot",
        "bot2": "MCTSBot",
        "game_number": 436,
        "ordering": "normal",
        "result": "MCTSBot"
    },
    "move_log": [
        {
            "move_number": 1,
            "player": 1,
            "column": 3,
            "row": 5,
            "timestamp": "2025-02-22T00:37:07.670259"
        },
        {
            "move_number": 2,
            "player": 2,
            "column": 4,
            "row": 5,
            "timestamp": "2025-02-22T00:37:09.670368"
        },
        {
            "move_number": 3,
            "player": 1,
            "column": 3,
            "row": 4,
            "timestamp": "2025-02-22T00:37:09.670580"
        },
        {
            "move_number": 4,
            "player": 2,
            "column": 3,
            "row": 3,
            "timestamp": "2025-02-22T00:37:11.670784"
        },
        {
            "move_number": 5,
            "player": 1,
            "column": 3,
            "row": 2,
            "timestamp": "2025-02-22T00:37:11.670916"
        },
        {
            "move_number": 6,
            "player": 2,
            "column": 4,
            "row": 4,
            "timestamp": "2025-02-22T00:37:13.670976"
        },
        {
            "move_number": 7,
            "player": 1,
            "column": 3,
            "row": 1,
            "timestamp": "2025-02-22T00:37:13.671098"
        },
        {
            "move_number": 8,
            "player": 2,
            "column": 4,
            "row": 3,
            "timestamp": "2025-02-22T00:37:15.671176"
        },
        {
            "move_number": 9,
            "player": 1,
            "column": 4,
            "row": 2,
            "timestamp": "2025-02-22T00:37:15.671301"
        },
        {
            "move_number": 10,
            "player": 2,
            "column": 0,
            "row": 5,
            "timestamp": "2025-02-22T00:37:17.671414"
        },
        {
            "move_number": 11,
            "player": 1,
            "column": 3,
            "row": 0,
            "timestamp": "2025-02-22T00:37:17.671522"
        },
        {
            "move_number": 12,
            "player": 2,
            "column": 0,
            "row": 4,
            "timestamp": "2025-02-22T00:37:19.671682"
        },
        {
            "move_number": 13,
            "player": 1,
            "column": 2,
            "row": 5,
            "timestamp": "2025-02-22T00:37:19.671803"
        },
        {
            "move_number": 14,
            "player": 2,
            "column": 0,
            "row": 3,
            "timestamp": "2025-02-22T00:37:21.671875"
        },
        {
            "move_number": 15,
            "player": 1,
            "column": 0,
            "row": 2,
            "timestamp": "2025-02-22T00:37:21.671975"
        },
        {
            "move_number": 16,
            "player": 2,
            "column": 2,
            "row": 4,
            "timestamp": "2025-02-22T00:37:23.672043"
        },
        {
            "move_number": 17,
            "player": 1,
            "column": 2,
            "row": 3,
            "timestamp": "2025-02-22T00:37:23.672305"
        },
        {
            "move_number": 18,
            "player": 2,
            "column": 2,
            "row": 2,
            "timestamp": "2025-02-22T00:37:25.672677"
        },
        {
            "move_number": 19,
            "player": 1,
            "column": 5,
            "row": 5,
            "timestamp": "2025-02-22T00:37:25.673028"
        },
        {
            "move_number": 20,
            "player": 2,
            "column": 4,
            "row": 1,
            "timestamp": "2025-02-22T00:37:27.673121"
        },
        {
            "move_number": 21,
            "player": 1,
            "column": 2,
            "row": 1,
            "timestamp": "2025-02-22T00:37:27.673259"
        },
        {
            "move_number": 22,
            "player": 2,
            "column": 0,
            "row": 1,
            "timestamp": "2025-02-22T00:37:29.673318"
        },
        {
            "move_number": 23,
            "player": 1,
            "column": 2,
            "row": 0,
            "timestamp": "2025-02-22T00:37:29.673450"
        },
        {
            "move_number": 24,
            "player": 2,
            "column": 1,
            "row": 5,
            "timestamp": "2025-02-22T00:37:31.673492"
        },
        {
            "move_number": 25,
            "player": 1,
            "column": 4,
            "row": 0,
            "timestamp": "2025-02-22T00:37:31.673610"
        },
        {
            "move_number": 26,
            "player": 2,
            "column": 1,
            "row": 4,
            "timestamp": "2025-02-22T00:37:33.673665"
        },
        {
            "move_number": 27,
            "player": 1,
            "column": 1,
            "row": 3,
            "timestamp": "2025-02-22T00:37:33.673768"
        },
        {
            "move_number": 28,
            "player": 2,
            "column": 6,
            "row": 5,
            "timestamp": "2025-02-22T00:37:35.673915"
        },
        {
            "move_number": 29,
            "player": 1,
            "column": 1,
            "row": 2,
            "timestamp": "2025-02-22T00:37:35.674021"
        },
        {
            "move_number": 30,
            "player": 2,
            "column": 1,
            "row": 1,
            "timestamp": "2025-02-22T00:37:37.674198"
        }
    ]
}