{
    "metadata": {
        "bot1": "HeuristicBot",
        "bot2": "MCTSBot",
        "game_number": 190,
        "ordering": "normal",
        "result": "MCTSBot"
    },
    "move_log": [
        {
            "move_number": 1,
            "player": 1,
            "column": 3,
            "row": 5,
            "timestamp": "2025-02-21T23:04:25.997669"
        },
        {
            "move_number": 2,
            "player": 2,
            "column": 4,
            "row": 5,
            "timestamp": "2025-02-21T23:04:27.997744"
        },
        {
            "move_number": 3,
            "player": 1,
            "column": 3,
            "row": 4,
            "timestamp": "2025-02-21T23:04:27.997861"
        },
        {
            "move_number": 4,
            "player": 2,
            "column": 3,
            "row": 3,
            "timestamp": "2025-02-21T23:04:29.997907"
        },
        {
            "move_number": 5,
            "player": 1,
            "column": 3,
            "row": 2,
            "timestamp": "2025-02-21T23:04:29.998055"
        },
        {
            "move_number": 6,
            "player": 2,
            "column": 4,
            "row": 4,
            "timestamp": "2025-02-21T23:04:31.998193"
        },
        {
            "move_number": 7,
            "player": 1,
            "column": 3,
            "row": 1,
            "timestamp": "2025-02-21T23:04:31.998302"
        },
        {
            "move_number": 8,
            "player": 2,
            "column": 4,
            "row": 3,
            "timestamp": "2025-02-21T23:04:33.998339"
        },
        {
            "move_number": 9,
            "player": 1,
            "column": 4,
            "row": 2,
            "timestamp": "2025-02-21T23:04:33.998446"
        },
        {
            "move_number": 10,
            "player": 2,
            "column": 2,
            "row": 5,
            "timestamp": "2025-02-21T23:04:35.998678"
        },
        {
            "move_number": 11,
            "player": 1,
            "column": 3,
            "row": 0,
            "timestamp": "2025-02-21T23:04:35.998941"
        },
        {
            "move_number": 12,
            "player": 2,
            "column": 2,
            "row": 4,
            "timestamp": "2025-02-21T23:04:37.999109"
        },
        {
            "move_number": 13,
            "player": 1,
            "column": 2,
            "row": 3,
            "timestamp": "2025-02-21T23:04:37.999282"
        },
        {
            "move_number": 14,
            "player": 2,
            "column": 2,
            "row": 2,
            "timestamp": "2025-02-21T23:04:39.999421"
        },
        {
            "move_number": 15,
            "player": 1,
            "column": 5,
            "row": 5,
            "timestamp": "2025-02-21T23:04:39.999531"
        },
        {
            "move_number": 16,
            "player": 2,
            "column": 4,
            "row": 1,
            "timestamp": "2025-02-21T23:04:41.999739"
        },
        {
            "move_number": 17,
            "player": 1,
            "column": 2,
            "row": 1,
            "timestamp": "2025-02-21T23:04:41.999880"
        },
        {
            "move_number": 18,
            "player": 2,
            "column": 0,
            "row": 5,
            "timestamp": "2025-02-21T23:04:43.999995"
        },
        {
            "move_number": 19,
            "player": 1,
            "column": 2,
            "row": 0,
            "timestamp": "2025-02-21T23:04:44.000133"
        },
        {
            "move_number": 20,
            "player": 2,
            "column": 1,
            "row": 5,
            "timestamp": "2025-02-21T23:04:46.000282"
        },
        {
            "move_number": 21,
            "player": 1,
            "column": 4,
            "row": 0,
            "timestamp": "2025-02-21T23:04:46.000400"
        },
        {
            "move_number": 22,
            "player": 2,
            "column": 1,
            "row": 4,
            "timestamp": "2025-02-21T23:04:48.000475"
        },
        {
            "move_number": 23,
            "player": 1,
            "column": 1,
            "row": 3,
            "timestamp": "2025-02-21T23:04:48.000571"
        },
        {
            "move_number": 24,
            "player": 2,
            "column": 1,
            "row": 2,
            "timestamp": "2025-02-21T23:04:50.000629"
        },
        {
            "move_number": 25,
            "player": 1,
            "column": 1,
            "row": 1,
            "timestamp": "2025-02-21T23:04:50.000707"
        },
        {
            "move_number": 26,
            "player": 2,
            "column": 1,
            "row": 0,
            "timestamp": "2025-02-21T23:04:52.000830"
        },
        {
            "move_number": 27,
            "player": 1,
            "column": 5,
            "row": 4,
            "timestamp": "2025-02-21T23:04:52.000914"
        },
        {
            "move_number": 28,
            "player": 2,
            "column": 5,
            "row": 3,
            "timestamp": "2025-02-21T23:04:54.000959"
        },
        {
            "move_number": 29,
            "player": 1,
            "column": 5,
            "row": 2,
            "timestamp": "2025-02-21T23:04:54.001043"
        },
        {
            "move_number": 30,
            "player": 2,
            "column": 6,
            "row": 5,
            "timestamp": "2025-02-21T23:04:56.001133"
        },
        {
            "move_number": 31,
            "player": 1,
            "column": 5,
            "row": 1,
            "timestamp": "2025-02-21T23:04:56.001307"
        },
        {
            "move_number": 32,
            "player": 2,
            "column": 5,
            "row": 0,
            "timestamp": "2025-02-21T23:04:58.001402"
        },
        {
            "move_number": 33,
            "player": 1,
            "column": 0,
            "row": 4,
            "timestamp": "2025-02-21T23:04:58.001469"
        },
        {
            "move_number": 34,
            "player": 2,
            "column": 0,
            "row": 3,
            "timestamp": "2025-02-21T23:05:00.001596"
        },
        {
            "move_number": 35,
            "player": 1,
            "column": 0,
            "row": 2,
            "timestamp": "2025-02-21T23:05:00.001665"
        },
        {
            "move_number": 36,
            "player": 2,
            "column": 0,
            "row": 1,
            "timestamp": "2025-02-21T23:05:02.001722"
        },
        {
            "move_number": 37,
            "player": 1,
            "column": 0,
            "row": 0,
            "timestamp": "2025-02-21T23:05:02.001798"
        },
        {
            "move_number": 38,
            "player": 2,
            "column": 6,
            "row": 4,
            "timestamp": "2025-02-21T23:05:04.001889"
        },
        {
            "move_number": 39,
            "player": 1,
            "column": 6,
            "row": 3,
            "timestamp": "2025-02-21T23:05:04.001932"
        },
        {
            "move_number": 40,
            "player": 2,
            "column": 6,
            "row": 2,
            "timestamp": "2025-02-21T23:05:06.001992"
        },
        {
            "move_number": 41,
            "player": 1,
            "column": 6,
            "row": 1,
            "timestamp": "2025-02-21T23:05:06.002043"
        },
        {
            "move_number": 42,
            "player": 2,
            "column": 6,
            "row": 0,
            "timestamp": "2025-02-21T23:05:08.002087"
        }
    ]
}