{
    "metadata": {
        "bot1": "HeuristicBot",
        "bot2": "MCTSBot",
        "game_number": 173,
        "ordering": "normal",
        "result": "MCTSBot"
    },
    "move_log": [
        {
            "move_number": 1,
            "player": 1,
            "column": 3,
            "row": 5,
            "timestamp": "2025-02-21T22:58:23.869688"
        },
        {
            "move_number": 2,
            "player": 2,
            "column": 3,
            "row": 4,
            "timestamp": "2025-02-21T22:58:25.869842"
        },
        {
            "move_number": 3,
            "player": 1,
            "column": 3,
            "row": 3,
            "timestamp": "2025-02-21T22:58:25.869982"
        },
        {
            "move_number": 4,
            "player": 2,
            "column": 2,
            "row": 5,
            "timestamp": "2025-02-21T22:58:27.870120"
        },
        {
            "move_number": 5,
            "player": 1,
            "column": 3,
            "row": 2,
            "timestamp": "2025-02-21T22:58:27.870255"
        },
        {
            "move_number": 6,
            "player": 2,
            "column": 2,
            "row": 4,
            "timestamp": "2025-02-21T22:58:29.870480"
        },
        {
            "move_number": 7,
            "player": 1,
            "column": 3,
            "row": 1,
            "timestamp": "2025-02-21T22:58:29.870652"
        },
        {
            "move_number": 8,
            "player": 2,
            "column": 3,
            "row": 0,
            "timestamp": "2025-02-21T22:58:31.870781"
        },
        {
            "move_number": 9,
            "player": 1,
            "column": 2,
            "row": 3,
            "timestamp": "2025-02-21T22:58:31.870894"
        },
        {
            "move_number": 10,
            "player": 2,
            "column": 6,
            "row": 5,
            "timestamp": "2025-02-21T22:58:33.871006"
        },
        {
            "move_number": 11,
            "player": 1,
            "column": 2,
            "row": 2,
            "timestamp": "2025-02-21T22:58:33.871136"
        },
        {
            "move_number": 12,
            "player": 2,
            "column": 2,
            "row": 1,
            "timestamp": "2025-02-21T22:58:35.871262"
        },
        {
            "move_number": 13,
            "player": 1,
            "column": 2,
            "row": 0,
            "timestamp": "2025-02-21T22:58:35.871415"
        },
        {
            "move_number": 14,
            "player": 2,
            "column": 5,
            "row": 5,
            "timestamp": "2025-02-21T22:58:37.871484"
        },
        {
            "move_number": 15,
            "player": 1,
            "column": 4,
            "row": 5,
            "timestamp": "2025-02-21T22:58:37.871602"
        },
        {
            "move_number": 16,
            "player": 2,
            "column": 4,
            "row": 4,
            "timestamp": "2025-02-21T22:58:39.871696"
        },
        {
            "move_number": 17,
            "player": 1,
            "column": 5,
            "row": 4,
            "timestamp": "2025-02-21T22:58:39.871802"
        },
        {
            "move_number": 18,
            "player": 2,
            "column": 5,
            "row": 3,
            "timestamp": "2025-02-21T22:58:41.871928"
        },
        {
            "move_number": 19,
            "player": 1,
            "column": 4,
            "row": 3,
            "timestamp": "2025-02-21T22:58:41.872045"
        },
        {
            "move_number": 20,
            "player": 2,
            "column": 5,
            "row": 2,
            "timestamp": "2025-02-21T22:58:43.872164"
        },
        {
            "move_number": 21,
            "player": 1,
            "column": 4,
            "row": 2,
            "timestamp": "2025-02-21T22:58:43.872285"
        },
        {
            "move_number": 22,
            "player": 2,
            "column": 4,
            "row": 1,
            "timestamp": "2025-02-21T22:58:45.872355"
        },
        {
            "move_number": 23,
            "player": 1,
            "column": 4,
            "row": 0,
            "timestamp": "2025-02-21T22:58:45.872497"
        },
        {
            "move_number": 24,
            "player": 2,
            "column": 5,
            "row": 1,
            "timestamp": "2025-02-21T22:58:47.872601"
        },
        {
            "move_number": 25,
            "player": 1,
            "column": 5,
            "row": 0,
            "timestamp": "2025-02-21T22:58:47.872694"
        },
        {
            "move_number": 26,
            "player": 2,
            "column": 0,
            "row": 5,
            "timestamp": "2025-02-21T22:58:49.872777"
        },
        {
            "move_number": 27,
            "player": 1,
            "column": 1,
            "row": 5,
            "timestamp": "2025-02-21T22:58:49.873066"
        },
        {
            "move_number": 28,
            "player": 2,
            "column": 6,
            "row": 4,
            "timestamp": "2025-02-21T22:58:51.873146"
        },
        {
            "move_number": 29,
            "player": 1,
            "column": 1,
            "row": 4,
            "timestamp": "2025-02-21T22:58:51.873217"
        },
        {
            "move_number": 30,
            "player": 2,
            "column": 6,
            "row": 3,
            "timestamp": "2025-02-21T22:58:53.873397"
        }
    ]
}