{
    "metadata": {
        "bot1": "HeuristicBot",
        "bot2": "MCTSBot",
        "game_number": 251,
        "ordering": "normal",
        "result": "MCTSBot"
    },
    "move_log": [
        {
            "move_number": 1,
            "player": 1,
            "column": 3,
            "row": 5,
            "timestamp": "2025-02-21T23:27:14.422184"
        },
        {
            "move_number": 2,
            "player": 2,
            "column": 3,
            "row": 4,
            "timestamp": "2025-02-21T23:27:16.422222"
        },
        {
            "move_number": 3,
            "player": 1,
            "column": 3,
            "row": 3,
            "timestamp": "2025-02-21T23:27:16.422347"
        },
        {
            "move_number": 4,
            "player": 2,
            "column": 4,
            "row": 5,
            "timestamp": "2025-02-21T23:27:18.422482"
        },
        {
            "move_number": 5,
            "player": 1,
            "column": 3,
            "row": 2,
            "timestamp": "2025-02-21T23:27:18.422610"
        },
        {
            "move_number": 6,
            "player": 2,
            "column": 4,
            "row": 4,
            "timestamp": "2025-02-21T23:27:20.422717"
        },
        {
            "move_number": 7,
            "player": 1,
            "column": 3,
            "row": 1,
            "timestamp": "2025-02-21T23:27:20.422860"
        },
        {
            "move_number": 8,
            "player": 2,
            "column": 3,
            "row": 0,
            "timestamp": "2025-02-21T23:27:22.422956"
        },
        {
            "move_number": 9,
            "player": 1,
            "column": 2,
            "row": 5,
            "timestamp": "2025-02-21T23:27:22.423059"
        },
        {
            "move_number": 10,
            "player": 2,
            "column": 2,
            "row": 4,
            "timestamp": "2025-02-21T23:27:24.423159"
        },
        {
            "move_number": 11,
            "player": 1,
            "column": 2,
            "row": 3,
            "timestamp": "2025-02-21T23:27:24.423349"
        },
        {
            "move_number": 12,
            "player": 2,
            "column": 4,
            "row": 3,
            "timestamp": "2025-02-21T23:27:26.423387"
        },
        {
            "move_number": 13,
            "player": 1,
            "column": 4,
            "row": 2,
            "timestamp": "2025-02-21T23:27:26.423499"
        },
        {
            "move_number": 14,
            "player": 2,
            "column": 0,
            "row": 5,
            "timestamp": "2025-02-21T23:27:28.423543"
        },
        {
            "move_number": 15,
            "player": 1,
            "column": 2,
            "row": 2,
            "timestamp": "2025-02-21T23:27:28.423663"
        },
        {
            "move_number": 16,
            "player": 2,
            "column": 2,
            "row": 1,
            "timestamp": "2025-02-21T23:27:30.423728"
        },
        {
            "move_number": 17,
            "player": 1,
            "column": 2,
            "row": 0,
            "timestamp": "2025-02-21T23:27:30.423880"
        },
        {
            "move_number": 18,
            "player": 2,
            "column": 4,
            "row": 1,
            "timestamp": "2025-02-21T23:27:32.423952"
        },
        {
            "move_number": 19,
            "player": 1,
            "column": 4,
            "row": 0,
            "timestamp": "2025-02-21T23:27:32.424062"
        },
        {
            "move_number": 20,
            "player": 2,
            "column": 0,
            "row": 4,
            "timestamp": "2025-02-21T23:27:34.424092"
        },
        {
            "move_number": 21,
            "player": 1,
            "column": 1,
            "row": 5,
            "timestamp": "2025-02-21T23:27:34.424186"
        },
        {
            "move_number": 22,
            "player": 2,
            "column": 0,
            "row": 3,
            "timestamp": "2025-02-21T23:27:36.424250"
        },
        {
            "move_number": 23,
            "player": 1,
            "column": 0,
            "row": 2,
            "timestamp": "2025-02-21T23:27:36.424340"
        },
        {
            "move_number": 24,
            "player": 2,
            "column": 1,
            "row": 4,
            "timestamp": "2025-02-21T23:27:38.424450"
        }
    ]
}