{
    "metadata": {
        "bot1": "HeuristicBot",
        "bot2": "MCTSBot",
        "game_number": 338,
        "ordering": "normal",
        "result": "MCTSBot"
    },
    "move_log": [
        {
            "move_number": 1,
            "player": 1,
            "column": 3,
            "row": 5,
            "timestamp": "2025-02-21T23:59:45.057402"
        },
        {
            "move_number": 2,
            "player": 2,
            "column": 4,
            "row": 5,
            "timestamp": "2025-02-21T23:59:47.057573"
        },
        {
            "move_number": 3,
            "player": 1,
            "column": 3,
            "row": 4,
            "timestamp": "2025-02-21T23:59:47.057694"
        },
        {
            "move_number": 4,
            "player": 2,
            "column": 3,
            "row": 3,
            "timestamp": "2025-02-21T23:59:49.057794"
        },
        {
            "move_number": 5,
            "player": 1,
            "column": 3,
            "row": 2,
            "timestamp": "2025-02-21T23:59:49.057973"
        },
        {
            "move_number": 6,
            "player": 2,
            "column": 4,
            "row": 4,
            "timestamp": "2025-02-21T23:59:51.058310"
        },
        {
            "move_number": 7,
            "player": 1,
            "column": 3,
            "row": 1,
            "timestamp": "2025-02-21T23:59:51.058453"
        },
        {
            "move_number": 8,
            "player": 2,
            "column": 4,
            "row": 3,
            "timestamp": "2025-02-21T23:59:53.058670"
        },
        {
            "move_number": 9,
            "player": 1,
            "column": 4,
            "row": 2,
            "timestamp": "2025-02-21T23:59:53.058878"
        },
        {
            "move_number": 10,
            "player": 2,
            "column": 5,
            "row": 5,
            "timestamp": "2025-02-21T23:59:55.058994"
        },
        {
            "move_number": 11,
            "player": 1,
            "column": 3,
            "row": 0,
            "timestamp": "2025-02-21T23:59:55.059272"
        },
        {
            "move_number": 12,
            "player": 2,
            "column": 2,
            "row": 5,
            "timestamp": "2025-02-21T23:59:57.059379"
        },
        {
            "move_number": 13,
            "player": 1,
            "column": 2,
            "row": 4,
            "timestamp": "2025-02-21T23:59:57.059491"
        },
        {
            "move_number": 14,
            "player": 2,
            "column": 2,
            "row": 3,
            "timestamp": "2025-02-21T23:59:59.059627"
        },
        {
            "move_number": 15,
            "player": 1,
            "column": 2,
            "row": 2,
            "timestamp": "2025-02-21T23:59:59.059760"
        },
        {
            "move_number": 16,
            "player": 2,
            "column": 1,
            "row": 5,
            "timestamp": "2025-02-22T00:00:01.059908"
        },
        {
            "move_number": 17,
            "player": 1,
            "column": 2,
            "row": 1,
            "timestamp": "2025-02-22T00:00:01.060047"
        },
        {
            "move_number": 18,
            "player": 2,
            "column": 2,
            "row": 0,
            "timestamp": "2025-02-22T00:00:03.060112"
        },
        {
            "move_number": 19,
            "player": 1,
            "column": 4,
            "row": 1,
            "timestamp": "2025-02-22T00:00:03.060221"
        },
        {
            "move_number": 20,
            "player": 2,
            "column": 4,
            "row": 0,
            "timestamp": "2025-02-22T00:00:05.060280"
        },
        {
            "move_number": 21,
            "player": 1,
            "column": 1,
            "row": 4,
            "timestamp": "2025-02-22T00:00:05.060374"
        },
        {
            "move_number": 22,
            "player": 2,
            "column": 1,
            "row": 3,
            "timestamp": "2025-02-22T00:00:07.060437"
        }
    ]
}