{
    "metadata": {
        "bot1": "HeuristicBot",
        "bot2": "MCTSBot",
        "game_number": 45,
        "ordering": "normal",
        "result": "MCTSBot"
    },
    "move_log": [
        {
            "move_number": 1,
            "player": 1,
            "column": 3,
            "row": 5,
            "timestamp": "2025-02-21T22:09:29.035913"
        },
        {
            "move_number": 2,
            "player": 2,
            "column": 1,
            "row": 5,
            "timestamp": "2025-02-21T22:09:31.036183"
        },
        {
            "move_number": 3,
            "player": 1,
            "column": 3,
            "row": 4,
            "timestamp": "2025-02-21T22:09:31.036334"
        },
        {
            "move_number": 4,
            "player": 2,
            "column": 3,
            "row": 3,
            "timestamp": "2025-02-21T22:09:33.036510"
        },
        {
            "move_number": 5,
            "player": 1,
            "column": 3,
            "row": 2,
            "timestamp": "2025-02-21T22:09:33.036680"
        },
        {
            "move_number": 6,
            "player": 2,
            "column": 4,
            "row": 5,
            "timestamp": "2025-02-21T22:09:35.036879"
        },
        {
            "move_number": 7,
            "player": 1,
            "column": 3,
            "row": 1,
            "timestamp": "2025-02-21T22:09:35.037024"
        },
        {
            "move_number": 8,
            "player": 2,
            "column": 1,
            "row": 4,
            "timestamp": "2025-02-21T22:09:37.037144"
        },
        {
            "move_number": 9,
            "player": 1,
            "column": 3,
            "row": 0,
            "timestamp": "2025-02-21T22:09:37.037313"
        },
        {
            "move_number": 10,
            "player": 2,
            "column": 1,
            "row": 3,
            "timestamp": "2025-02-21T22:09:39.037376"
        },
        {
            "move_number": 11,
            "player": 1,
            "column": 1,
            "row": 2,
            "timestamp": "2025-02-21T22:09:39.037469"
        },
        {
            "move_number": 12,
            "player": 2,
            "column": 4,
            "row": 4,
            "timestamp": "2025-02-21T22:09:41.037599"
        },
        {
            "move_number": 13,
            "player": 1,
            "column": 2,
            "row": 5,
            "timestamp": "2025-02-21T22:09:41.037742"
        },
        {
            "move_number": 14,
            "player": 2,
            "column": 4,
            "row": 3,
            "timestamp": "2025-02-21T22:09:43.037854"
        },
        {
            "move_number": 15,
            "player": 1,
            "column": 4,
            "row": 2,
            "timestamp": "2025-02-21T22:09:43.037989"
        },
        {
            "move_number": 16,
            "player": 2,
            "column": 1,
            "row": 1,
            "timestamp": "2025-02-21T22:09:45.038094"
        },
        {
            "move_number": 17,
            "player": 1,
            "column": 2,
            "row": 4,
            "timestamp": "2025-02-21T22:09:45.038239"
        },
        {
            "move_number": 18,
            "player": 2,
            "column": 2,
            "row": 3,
            "timestamp": "2025-02-21T22:09:47.038362"
        }
    ]
}