{
    "metadata": {
        "bot1": "HeuristicBot",
        "bot2": "MCTSBot",
        "game_number": 103,
        "ordering": "normal",
        "result": "MCTSBot"
    },
    "move_log": [
        {
            "move_number": 1,
            "player": 1,
            "column": 3,
            "row": 5,
            "timestamp": "2025-02-21T22:31:33.407261"
        },
        {
            "move_number": 2,
            "player": 2,
            "column": 3,
            "row": 4,
            "timestamp": "2025-02-21T22:31:35.407337"
        },
        {
            "move_number": 3,
            "player": 1,
            "column": 3,
            "row": 3,
            "timestamp": "2025-02-21T22:31:35.407456"
        },
        {
            "move_number": 4,
            "player": 2,
            "column": 2,
            "row": 5,
            "timestamp": "2025-02-21T22:31:37.407624"
        },
        {
            "move_number": 5,
            "player": 1,
            "column": 3,
            "row": 2,
            "timestamp": "2025-02-21T22:31:37.407746"
        },
        {
            "move_number": 6,
            "player": 2,
            "column": 2,
            "row": 4,
            "timestamp": "2025-02-21T22:31:39.407821"
        },
        {
            "move_number": 7,
            "player": 1,
            "column": 3,
            "row": 1,
            "timestamp": "2025-02-21T22:31:39.408119"
        },
        {
            "move_number": 8,
            "player": 2,
            "column": 3,
            "row": 0,
            "timestamp": "2025-02-21T22:31:41.408229"
        },
        {
            "move_number": 9,
            "player": 1,
            "column": 2,
            "row": 3,
            "timestamp": "2025-02-21T22:31:41.408356"
        },
        {
            "move_number": 10,
            "player": 2,
            "column": 0,
            "row": 5,
            "timestamp": "2025-02-21T22:31:43.408766"
        },
        {
            "move_number": 11,
            "player": 1,
            "column": 2,
            "row": 2,
            "timestamp": "2025-02-21T22:31:43.409012"
        },
        {
            "move_number": 12,
            "player": 2,
            "column": 0,
            "row": 4,
            "timestamp": "2025-02-21T22:31:45.409160"
        },
        {
            "move_number": 13,
            "player": 1,
            "column": 2,
            "row": 1,
            "timestamp": "2025-02-21T22:31:45.409284"
        },
        {
            "move_number": 14,
            "player": 2,
            "column": 2,
            "row": 0,
            "timestamp": "2025-02-21T22:31:47.409343"
        },
        {
            "move_number": 15,
            "player": 1,
            "column": 4,
            "row": 5,
            "timestamp": "2025-02-21T22:31:47.409500"
        },
        {
            "move_number": 16,
            "player": 2,
            "column": 5,
            "row": 5,
            "timestamp": "2025-02-21T22:31:49.409638"
        },
        {
            "move_number": 17,
            "player": 1,
            "column": 4,
            "row": 4,
            "timestamp": "2025-02-21T22:31:49.409774"
        },
        {
            "move_number": 18,
            "player": 2,
            "column": 4,
            "row": 3,
            "timestamp": "2025-02-21T22:31:51.409817"
        },
        {
            "move_number": 19,
            "player": 1,
            "column": 4,
            "row": 2,
            "timestamp": "2025-02-21T22:31:51.409930"
        },
        {
            "move_number": 20,
            "player": 2,
            "column": 0,
            "row": 3,
            "timestamp": "2025-02-21T22:31:53.410020"
        },
        {
            "move_number": 21,
            "player": 1,
            "column": 0,
            "row": 2,
            "timestamp": "2025-02-21T22:31:53.410100"
        },
        {
            "move_number": 22,
            "player": 2,
            "column": 4,
            "row": 1,
            "timestamp": "2025-02-21T22:31:55.410151"
        },
        {
            "move_number": 23,
            "player": 1,
            "column": 4,
            "row": 0,
            "timestamp": "2025-02-21T22:31:55.410537"
        },
        {
            "move_number": 24,
            "player": 2,
            "column": 5,
            "row": 4,
            "timestamp": "2025-02-21T22:31:57.410610"
        },
        {
            "move_number": 25,
            "player": 1,
            "column": 1,
            "row": 5,
            "timestamp": "2025-02-21T22:31:57.410722"
        },
        {
            "move_number": 26,
            "player": 2,
            "column": 1,
            "row": 4,
            "timestamp": "2025-02-21T22:31:59.410761"
        }
    ]
}