{
    "metadata": {
        "bot1": "HeuristicBot",
        "bot2": "MCTSBot",
        "game_number": 135,
        "ordering": "normal",
        "result": "MCTSBot"
    },
    "move_log": [
        {
            "move_number": 1,
            "player": 1,
            "column": 3,
            "row": 5,
            "timestamp": "2025-02-21T22:43:49.601633"
        },
        {
            "move_number": 2,
            "player": 2,
            "column": 5,
            "row": 5,
            "timestamp": "2025-02-21T22:43:51.601804"
        },
        {
            "move_number": 3,
            "player": 1,
            "column": 3,
            "row": 4,
            "timestamp": "2025-02-21T22:43:51.601932"
        },
        {
            "move_number": 4,
            "player": 2,
            "column": 3,
            "row": 3,
            "timestamp": "2025-02-21T22:43:53.602041"
        },
        {
            "move_number": 5,
            "player": 1,
            "column": 3,
            "row": 2,
            "timestamp": "2025-02-21T22:43:53.602180"
        },
        {
            "move_number": 6,
            "player": 2,
            "column": 5,
            "row": 4,
            "timestamp": "2025-02-21T22:43:55.602247"
        },
        {
            "move_number": 7,
            "player": 1,
            "column": 3,
            "row": 1,
            "timestamp": "2025-02-21T22:43:55.602373"
        },
        {
            "move_number": 8,
            "player": 2,
            "column": 5,
            "row": 3,
            "timestamp": "2025-02-21T22:43:57.602457"
        },
        {
            "move_number": 9,
            "player": 1,
            "column": 5,
            "row": 2,
            "timestamp": "2025-02-21T22:43:57.602588"
        },
        {
            "move_number": 10,
            "player": 2,
            "column": 2,
            "row": 5,
            "timestamp": "2025-02-21T22:43:59.602751"
        },
        {
            "move_number": 11,
            "player": 1,
            "column": 3,
            "row": 0,
            "timestamp": "2025-02-21T22:43:59.602888"
        },
        {
            "move_number": 12,
            "player": 2,
            "column": 2,
            "row": 4,
            "timestamp": "2025-02-21T22:44:01.602932"
        },
        {
            "move_number": 13,
            "player": 1,
            "column": 2,
            "row": 3,
            "timestamp": "2025-02-21T22:44:01.603058"
        },
        {
            "move_number": 14,
            "player": 2,
            "column": 2,
            "row": 2,
            "timestamp": "2025-02-21T22:44:03.603223"
        },
        {
            "move_number": 15,
            "player": 1,
            "column": 2,
            "row": 1,
            "timestamp": "2025-02-21T22:44:03.603351"
        },
        {
            "move_number": 16,
            "player": 2,
            "column": 0,
            "row": 5,
            "timestamp": "2025-02-21T22:44:05.603412"
        },
        {
            "move_number": 17,
            "player": 1,
            "column": 2,
            "row": 0,
            "timestamp": "2025-02-21T22:44:05.603544"
        },
        {
            "move_number": 18,
            "player": 2,
            "column": 4,
            "row": 5,
            "timestamp": "2025-02-21T22:44:07.603681"
        },
        {
            "move_number": 19,
            "player": 1,
            "column": 4,
            "row": 4,
            "timestamp": "2025-02-21T22:44:07.603778"
        },
        {
            "move_number": 20,
            "player": 2,
            "column": 1,
            "row": 5,
            "timestamp": "2025-02-21T22:44:09.603859"
        },
        {
            "move_number": 21,
            "player": 1,
            "column": 4,
            "row": 3,
            "timestamp": "2025-02-21T22:44:09.604002"
        },
        {
            "move_number": 22,
            "player": 2,
            "column": 4,
            "row": 2,
            "timestamp": "2025-02-21T22:44:11.604041"
        }
    ]
}