{
    "metadata": {
        "bot1": "HeuristicBot",
        "bot2": "MCTSBot",
        "game_number": 121,
        "ordering": "normal",
        "result": "MCTSBot"
    },
    "move_log": [
        {
            "move_number": 1,
            "player": 1,
            "column": 3,
            "row": 5,
            "timestamp": "2025-02-21T22:38:35.510037"
        },
        {
            "move_number": 2,
            "player": 2,
            "column": 3,
            "row": 4,
            "timestamp": "2025-02-21T22:38:37.510453"
        },
        {
            "move_number": 3,
            "player": 1,
            "column": 3,
            "row": 3,
            "timestamp": "2025-02-21T22:38:37.510735"
        },
        {
            "move_number": 4,
            "player": 2,
            "column": 2,
            "row": 5,
            "timestamp": "2025-02-21T22:38:39.510835"
        },
        {
            "move_number": 5,
            "player": 1,
            "column": 3,
            "row": 2,
            "timestamp": "2025-02-21T22:38:39.510991"
        },
        {
            "move_number": 6,
            "player": 2,
            "column": 2,
            "row": 4,
            "timestamp": "2025-02-21T22:38:41.511201"
        },
        {
            "move_number": 7,
            "player": 1,
            "column": 3,
            "row": 1,
            "timestamp": "2025-02-21T22:38:41.511345"
        },
        {
            "move_number": 8,
            "player": 2,
            "column": 3,
            "row": 0,
            "timestamp": "2025-02-21T22:38:43.511724"
        },
        {
            "move_number": 9,
            "player": 1,
            "column": 2,
            "row": 3,
            "timestamp": "2025-02-21T22:38:43.512029"
        },
        {
            "move_number": 10,
            "player": 2,
            "column": 5,
            "row": 5,
            "timestamp": "2025-02-21T22:38:45.512315"
        },
        {
            "move_number": 11,
            "player": 1,
            "column": 2,
            "row": 2,
            "timestamp": "2025-02-21T22:38:45.512451"
        },
        {
            "move_number": 12,
            "player": 2,
            "column": 5,
            "row": 4,
            "timestamp": "2025-02-21T22:38:47.512613"
        },
        {
            "move_number": 13,
            "player": 1,
            "column": 2,
            "row": 1,
            "timestamp": "2025-02-21T22:38:47.512741"
        },
        {
            "move_number": 14,
            "player": 2,
            "column": 2,
            "row": 0,
            "timestamp": "2025-02-21T22:38:49.512849"
        },
        {
            "move_number": 15,
            "player": 1,
            "column": 4,
            "row": 5,
            "timestamp": "2025-02-21T22:38:49.512988"
        },
        {
            "move_number": 16,
            "player": 2,
            "column": 4,
            "row": 4,
            "timestamp": "2025-02-21T22:38:51.513032"
        }
    ]
}