{
    "metadata": {
        "bot1": "HeuristicBot",
        "bot2": "MCTSBot",
        "game_number": 401,
        "ordering": "normal",
        "result": "HeuristicBot"
    },
    "move_log": [
        {
            "move_number": 1,
            "player": 1,
            "column": 3,
            "row": 5,
            "timestamp": "2025-02-22T00:24:01.434167"
        },
        {
            "move_number": 2,
            "player": 2,
            "column": 2,
            "row": 5,
            "timestamp": "2025-02-22T00:24:03.434265"
        },
        {
            "move_number": 3,
            "player": 1,
            "column": 3,
            "row": 4,
            "timestamp": "2025-02-22T00:24:03.434384"
        },
        {
            "move_number": 4,
            "player": 2,
            "column": 2,
            "row": 4,
            "timestamp": "2025-02-22T00:24:05.434618"
        },
        {
            "move_number": 5,
            "player": 1,
            "column": 3,
            "row": 3,
            "timestamp": "2025-02-22T00:24:05.434729"
        },
        {
            "move_number": 6,
            "player": 2,
            "column": 2,
            "row": 3,
            "timestamp": "2025-02-22T00:24:07.434755"
        },
        {
            "move_number": 7,
            "player": 1,
            "column": 3,
            "row": 2,
            "timestamp": "2025-02-22T00:24:07.434807"
        }
    ]
}