{
    "metadata": {
        "bot1": "HeuristicBot",
        "bot2": "MCTSBot",
        "game_number": 354,
        "ordering": "normal",
        "result": "MCTSBot"
    },
    "move_log": [
        {
            "move_number": 1,
            "player": 1,
            "column": 3,
            "row": 5,
            "timestamp": "2025-02-22T00:05:31.143553"
        },
        {
            "move_number": 2,
            "player": 2,
            "column": 3,
            "row": 4,
            "timestamp": "2025-02-22T00:05:33.143591"
        },
        {
            "move_number": 3,
            "player": 1,
            "column": 3,
            "row": 3,
            "timestamp": "2025-02-22T00:05:33.143732"
        },
        {
            "move_number": 4,
            "player": 2,
            "column": 2,
            "row": 5,
            "timestamp": "2025-02-22T00:05:35.143785"
        },
        {
            "move_number": 5,
            "player": 1,
            "column": 3,
            "row": 2,
            "timestamp": "2025-02-22T00:05:35.143989"
        },
        {
            "move_number": 6,
            "player": 2,
            "column": 2,
            "row": 4,
            "timestamp": "2025-02-22T00:05:37.144185"
        },
        {
            "move_number": 7,
            "player": 1,
            "column": 3,
            "row": 1,
            "timestamp": "2025-02-22T00:05:37.144350"
        },
        {
            "move_number": 8,
            "player": 2,
            "column": 3,
            "row": 0,
            "timestamp": "2025-02-22T00:05:39.144433"
        },
        {
            "move_number": 9,
            "player": 1,
            "column": 2,
            "row": 3,
            "timestamp": "2025-02-22T00:05:39.144555"
        },
        {
            "move_number": 10,
            "player": 2,
            "column": 5,
            "row": 5,
            "timestamp": "2025-02-22T00:05:41.144639"
        },
        {
            "move_number": 11,
            "player": 1,
            "column": 2,
            "row": 2,
            "timestamp": "2025-02-22T00:05:41.144754"
        },
        {
            "move_number": 12,
            "player": 2,
            "column": 5,
            "row": 4,
            "timestamp": "2025-02-22T00:05:43.144842"
        },
        {
            "move_number": 13,
            "player": 1,
            "column": 2,
            "row": 1,
            "timestamp": "2025-02-22T00:05:43.144959"
        },
        {
            "move_number": 14,
            "player": 2,
            "column": 2,
            "row": 0,
            "timestamp": "2025-02-22T00:05:45.144999"
        },
        {
            "move_number": 15,
            "player": 1,
            "column": 4,
            "row": 5,
            "timestamp": "2025-02-22T00:05:45.145105"
        },
        {
            "move_number": 16,
            "player": 2,
            "column": 4,
            "row": 4,
            "timestamp": "2025-02-22T00:05:47.145150"
        }
    ]
}