{
    "metadata": {
        "bot1": "HeuristicBot",
        "bot2": "MCTSBot",
        "game_number": 473,
        "ordering": "normal",
        "result": "MCTSBot"
    },
    "move_log": [
        {
            "move_number": 1,
            "player": 1,
            "column": 3,
            "row": 5,
            "timestamp": "2025-02-22T00:51:43.909724"
        },
        {
            "move_number": 2,
            "player": 2,
            "column": 2,
            "row": 5,
            "timestamp": "2025-02-22T00:51:45.909918"
        },
        {
            "move_number": 3,
            "player": 1,
            "column": 3,
            "row": 4,
            "timestamp": "2025-02-22T00:51:45.910045"
        },
        {
            "move_number": 4,
            "player": 2,
            "column": 3,
            "row": 3,
            "timestamp": "2025-02-22T00:51:47.910244"
        },
        {
            "move_number": 5,
            "player": 1,
            "column": 3,
            "row": 2,
            "timestamp": "2025-02-22T00:51:47.910382"
        },
        {
            "move_number": 6,
            "player": 2,
            "column": 2,
            "row": 4,
            "timestamp": "2025-02-22T00:51:49.910488"
        },
        {
            "move_number": 7,
            "player": 1,
            "column": 3,
            "row": 1,
            "timestamp": "2025-02-22T00:51:49.910607"
        },
        {
            "move_number": 8,
            "player": 2,
            "column": 2,
            "row": 3,
            "timestamp": "2025-02-22T00:51:51.910740"
        },
        {
            "move_number": 9,
            "player": 1,
            "column": 2,
            "row": 2,
            "timestamp": "2025-02-22T00:51:51.910943"
        },
        {
            "move_number": 10,
            "player": 2,
            "column": 6,
            "row": 5,
            "timestamp": "2025-02-22T00:51:53.911174"
        },
        {
            "move_number": 11,
            "player": 1,
            "column": 3,
            "row": 0,
            "timestamp": "2025-02-22T00:51:53.911308"
        },
        {
            "move_number": 12,
            "player": 2,
            "column": 6,
            "row": 4,
            "timestamp": "2025-02-22T00:51:55.911357"
        },
        {
            "move_number": 13,
            "player": 1,
            "column": 2,
            "row": 1,
            "timestamp": "2025-02-22T00:51:55.911481"
        },
        {
            "move_number": 14,
            "player": 2,
            "column": 6,
            "row": 3,
            "timestamp": "2025-02-22T00:51:57.911588"
        },
        {
            "move_number": 15,
            "player": 1,
            "column": 6,
            "row": 2,
            "timestamp": "2025-02-22T00:51:57.911713"
        },
        {
            "move_number": 16,
            "player": 2,
            "column": 1,
            "row": 5,
            "timestamp": "2025-02-22T00:51:59.911908"
        },
        {
            "move_number": 17,
            "player": 1,
            "column": 2,
            "row": 0,
            "timestamp": "2025-02-22T00:51:59.912037"
        },
        {
            "move_number": 18,
            "player": 2,
            "column": 4,
            "row": 5,
            "timestamp": "2025-02-22T00:52:01.912186"
        },
        {
            "move_number": 19,
            "player": 1,
            "column": 4,
            "row": 4,
            "timestamp": "2025-02-22T00:52:01.912308"
        },
        {
            "move_number": 20,
            "player": 2,
            "column": 4,
            "row": 3,
            "timestamp": "2025-02-22T00:52:03.912438"
        },
        {
            "move_number": 21,
            "player": 1,
            "column": 4,
            "row": 2,
            "timestamp": "2025-02-22T00:52:03.912536"
        },
        {
            "move_number": 22,
            "player": 2,
            "column": 5,
            "row": 5,
            "timestamp": "2025-02-22T00:52:05.912619"
        },
        {
            "move_number": 23,
            "player": 1,
            "column": 4,
            "row": 1,
            "timestamp": "2025-02-22T00:52:05.912814"
        },
        {
            "move_number": 24,
            "player": 2,
            "column": 4,
            "row": 0,
            "timestamp": "2025-02-22T00:52:07.912857"
        },
        {
            "move_number": 25,
            "player": 1,
            "column": 1,
            "row": 4,
            "timestamp": "2025-02-22T00:52:07.912954"
        },
        {
            "move_number": 26,
            "player": 2,
            "column": 1,
            "row": 3,
            "timestamp": "2025-02-22T00:52:09.913001"
        }
    ]
}