{
    "metadata": {
        "bot1": "HeuristicBot",
        "bot2": "MCTSBot",
        "game_number": 380,
        "ordering": "normal",
        "result": "MCTSBot"
    },
    "move_log": [
        {
            "move_number": 1,
            "player": 1,
            "column": 3,
            "row": 5,
            "timestamp": "2025-02-22T00:15:53.321637"
        },
        {
            "move_number": 2,
            "player": 2,
            "column": 4,
            "row": 5,
            "timestamp": "2025-02-22T00:15:55.321831"
        },
        {
            "move_number": 3,
            "player": 1,
            "column": 3,
            "row": 4,
            "timestamp": "2025-02-22T00:15:55.321956"
        },
        {
            "move_number": 4,
            "player": 2,
            "column": 3,
            "row": 3,
            "timestamp": "2025-02-22T00:15:57.322110"
        },
        {
            "move_number": 5,
            "player": 1,
            "column": 3,
            "row": 2,
            "timestamp": "2025-02-22T00:15:57.322282"
        },
        {
            "move_number": 6,
            "player": 2,
            "column": 4,
            "row": 4,
            "timestamp": "2025-02-22T00:15:59.322340"
        },
        {
            "move_number": 7,
            "player": 1,
            "column": 3,
            "row": 1,
            "timestamp": "2025-02-22T00:15:59.322463"
        },
        {
            "move_number": 8,
            "player": 2,
            "column": 4,
            "row": 3,
            "timestamp": "2025-02-22T00:16:01.322670"
        },
        {
            "move_number": 9,
            "player": 1,
            "column": 4,
            "row": 2,
            "timestamp": "2025-02-22T00:16:01.322779"
        },
        {
            "move_number": 10,
            "player": 2,
            "column": 2,
            "row": 5,
            "timestamp": "2025-02-22T00:16:03.322895"
        },
        {
            "move_number": 11,
            "player": 1,
            "column": 3,
            "row": 0,
            "timestamp": "2025-02-22T00:16:03.323030"
        },
        {
            "move_number": 12,
            "player": 2,
            "column": 2,
            "row": 4,
            "timestamp": "2025-02-22T00:16:05.323099"
        },
        {
            "move_number": 13,
            "player": 1,
            "column": 2,
            "row": 3,
            "timestamp": "2025-02-22T00:16:05.323340"
        },
        {
            "move_number": 14,
            "player": 2,
            "column": 2,
            "row": 2,
            "timestamp": "2025-02-22T00:16:07.323484"
        },
        {
            "move_number": 15,
            "player": 1,
            "column": 5,
            "row": 5,
            "timestamp": "2025-02-22T00:16:07.323735"
        },
        {
            "move_number": 16,
            "player": 2,
            "column": 4,
            "row": 1,
            "timestamp": "2025-02-22T00:16:09.323786"
        },
        {
            "move_number": 17,
            "player": 1,
            "column": 2,
            "row": 1,
            "timestamp": "2025-02-22T00:16:09.323911"
        },
        {
            "move_number": 18,
            "player": 2,
            "column": 0,
            "row": 5,
            "timestamp": "2025-02-22T00:16:11.324021"
        },
        {
            "move_number": 19,
            "player": 1,
            "column": 2,
            "row": 0,
            "timestamp": "2025-02-22T00:16:11.324148"
        },
        {
            "move_number": 20,
            "player": 2,
            "column": 1,
            "row": 5,
            "timestamp": "2025-02-22T00:16:13.324251"
        },
        {
            "move_number": 21,
            "player": 1,
            "column": 4,
            "row": 0,
            "timestamp": "2025-02-22T00:16:13.324377"
        },
        {
            "move_number": 22,
            "player": 2,
            "column": 1,
            "row": 4,
            "timestamp": "2025-02-22T00:16:15.324489"
        },
        {
            "move_number": 23,
            "player": 1,
            "column": 1,
            "row": 3,
            "timestamp": "2025-02-22T00:16:15.324599"
        },
        {
            "move_number": 24,
            "player": 2,
            "column": 1,
            "row": 2,
            "timestamp": "2025-02-22T00:16:17.324753"
        },
        {
            "move_number": 25,
            "player": 1,
            "column": 1,
            "row": 1,
            "timestamp": "2025-02-22T00:16:17.324911"
        },
        {
            "move_number": 26,
            "player": 2,
            "column": 1,
            "row": 0,
            "timestamp": "2025-02-22T00:16:19.325115"
        },
        {
            "move_number": 27,
            "player": 1,
            "column": 5,
            "row": 4,
            "timestamp": "2025-02-22T00:16:19.325205"
        },
        {
            "move_number": 28,
            "player": 2,
            "column": 5,
            "row": 3,
            "timestamp": "2025-02-22T00:16:21.325236"
        },
        {
            "move_number": 29,
            "player": 1,
            "column": 5,
            "row": 2,
            "timestamp": "2025-02-22T00:16:21.325323"
        },
        {
            "move_number": 30,
            "player": 2,
            "column": 6,
            "row": 5,
            "timestamp": "2025-02-22T00:16:23.325402"
        },
        {
            "move_number": 31,
            "player": 1,
            "column": 5,
            "row": 1,
            "timestamp": "2025-02-22T00:16:23.325502"
        },
        {
            "move_number": 32,
            "player": 2,
            "column": 5,
            "row": 0,
            "timestamp": "2025-02-22T00:16:25.325547"
        },
        {
            "move_number": 33,
            "player": 1,
            "column": 0,
            "row": 4,
            "timestamp": "2025-02-22T00:16:25.325659"
        },
        {
            "move_number": 34,
            "player": 2,
            "column": 0,
            "row": 3,
            "timestamp": "2025-02-22T00:16:27.325812"
        },
        {
            "move_number": 35,
            "player": 1,
            "column": 0,
            "row": 2,
            "timestamp": "2025-02-22T00:16:27.326116"
        },
        {
            "move_number": 36,
            "player": 2,
            "column": 0,
            "row": 1,
            "timestamp": "2025-02-22T00:16:29.326203"
        },
        {
            "move_number": 37,
            "player": 1,
            "column": 0,
            "row": 0,
            "timestamp": "2025-02-22T00:16:29.326282"
        },
        {
            "move_number": 38,
            "player": 2,
            "column": 6,
            "row": 4,
            "timestamp": "2025-02-22T00:16:31.326328"
        },
        {
            "move_number": 39,
            "player": 1,
            "column": 6,
            "row": 3,
            "timestamp": "2025-02-22T00:16:31.326371"
        },
        {
            "move_number": 40,
            "player": 2,
            "column": 6,
            "row": 2,
            "timestamp": "2025-02-22T00:16:33.326471"
        },
        {
            "move_number": 41,
            "player": 1,
            "column": 6,
            "row": 1,
            "timestamp": "2025-02-22T00:16:33.326573"
        },
        {
            "move_number": 42,
            "player": 2,
            "column": 6,
            "row": 0,
            "timestamp": "2025-02-22T00:16:35.326669"
        }
    ]
}