{
    "metadata": {
        "bot1": "HeuristicBot",
        "bot2": "MCTSBot",
        "game_number": 151,
        "ordering": "normal",
        "result": "MCTSBot"
    },
    "move_log": [
        {
            "move_number": 1,
            "player": 1,
            "column": 3,
            "row": 5,
            "timestamp": "2025-02-21T22:49:49.714311"
        },
        {
            "move_number": 2,
            "player": 2,
            "column": 4,
            "row": 5,
            "timestamp": "2025-02-21T22:49:51.714530"
        },
        {
            "move_number": 3,
            "player": 1,
            "column": 3,
            "row": 4,
            "timestamp": "2025-02-21T22:49:51.714650"
        },
        {
            "move_number": 4,
            "player": 2,
            "column": 3,
            "row": 3,
            "timestamp": "2025-02-21T22:49:53.714741"
        },
        {
            "move_number": 5,
            "player": 1,
            "column": 3,
            "row": 2,
            "timestamp": "2025-02-21T22:49:53.714870"
        },
        {
            "move_number": 6,
            "player": 2,
            "column": 4,
            "row": 4,
            "timestamp": "2025-02-21T22:49:55.714977"
        },
        {
            "move_number": 7,
            "player": 1,
            "column": 3,
            "row": 1,
            "timestamp": "2025-02-21T22:49:55.715128"
        },
        {
            "move_number": 8,
            "player": 2,
            "column": 4,
            "row": 3,
            "timestamp": "2025-02-21T22:49:57.715343"
        },
        {
            "move_number": 9,
            "player": 1,
            "column": 4,
            "row": 2,
            "timestamp": "2025-02-21T22:49:57.715467"
        },
        {
            "move_number": 10,
            "player": 2,
            "column": 0,
            "row": 5,
            "timestamp": "2025-02-21T22:49:59.715566"
        },
        {
            "move_number": 11,
            "player": 1,
            "column": 3,
            "row": 0,
            "timestamp": "2025-02-21T22:49:59.715692"
        },
        {
            "move_number": 12,
            "player": 2,
            "column": 0,
            "row": 4,
            "timestamp": "2025-02-21T22:50:01.715722"
        },
        {
            "move_number": 13,
            "player": 1,
            "column": 2,
            "row": 5,
            "timestamp": "2025-02-21T22:50:01.715844"
        },
        {
            "move_number": 14,
            "player": 2,
            "column": 0,
            "row": 3,
            "timestamp": "2025-02-21T22:50:03.715940"
        },
        {
            "move_number": 15,
            "player": 1,
            "column": 0,
            "row": 2,
            "timestamp": "2025-02-21T22:50:03.716021"
        },
        {
            "move_number": 16,
            "player": 2,
            "column": 2,
            "row": 4,
            "timestamp": "2025-02-21T22:50:05.716161"
        },
        {
            "move_number": 17,
            "player": 1,
            "column": 2,
            "row": 3,
            "timestamp": "2025-02-21T22:50:05.716290"
        },
        {
            "move_number": 18,
            "player": 2,
            "column": 2,
            "row": 2,
            "timestamp": "2025-02-21T22:50:07.716363"
        },
        {
            "move_number": 19,
            "player": 1,
            "column": 5,
            "row": 5,
            "timestamp": "2025-02-21T22:50:07.716483"
        },
        {
            "move_number": 20,
            "player": 2,
            "column": 4,
            "row": 1,
            "timestamp": "2025-02-21T22:50:09.717064"
        },
        {
            "move_number": 21,
            "player": 1,
            "column": 2,
            "row": 1,
            "timestamp": "2025-02-21T22:50:09.717494"
        },
        {
            "move_number": 22,
            "player": 2,
            "column": 0,
            "row": 1,
            "timestamp": "2025-02-21T22:50:11.717607"
        },
        {
            "move_number": 23,
            "player": 1,
            "column": 2,
            "row": 0,
            "timestamp": "2025-02-21T22:50:11.717827"
        },
        {
            "move_number": 24,
            "player": 2,
            "column": 4,
            "row": 0,
            "timestamp": "2025-02-21T22:50:13.717952"
        },
        {
            "move_number": 25,
            "player": 1,
            "column": 1,
            "row": 5,
            "timestamp": "2025-02-21T22:50:13.718050"
        },
        {
            "move_number": 26,
            "player": 2,
            "column": 1,
            "row": 4,
            "timestamp": "2025-02-21T22:50:15.718191"
        },
        {
            "move_number": 27,
            "player": 1,
            "column": 1,
            "row": 3,
            "timestamp": "2025-02-21T22:50:15.718296"
        },
        {
            "move_number": 28,
            "player": 2,
            "column": 0,
            "row": 0,
            "timestamp": "2025-02-21T22:50:17.718361"
        },
        {
            "move_number": 29,
            "player": 1,
            "column": 1,
            "row": 2,
            "timestamp": "2025-02-21T22:50:17.718447"
        },
        {
            "move_number": 30,
            "player": 2,
            "column": 1,
            "row": 1,
            "timestamp": "2025-02-21T22:50:19.718515"
        }
    ]
}