{
    "metadata": {
        "bot1": "MCTSBot",
        "bot2": "HeuristicBot",
        "game_number": 504,
        "ordering": "reversed",
        "result": "MCTSBot"
    },
    "move_log": [
        {
            "move_number": 1,
            "player": 1,
            "column": 3,
            "row": 5,
            "timestamp": "2025-02-22T01:03:06.074476"
        },
        {
            "move_number": 2,
            "player": 2,
            "column": 3,
            "row": 4,
            "timestamp": "2025-02-22T01:03:06.074598"
        },
        {
            "move_number": 3,
            "player": 1,
            "column": 4,
            "row": 5,
            "timestamp": "2025-02-22T01:03:08.074644"
        },
        {
            "move_number": 4,
            "player": 2,
            "column": 3,
            "row": 3,
            "timestamp": "2025-02-22T01:03:08.074759"
        },
        {
            "move_number": 5,
            "player": 1,
            "column": 5,
            "row": 5,
            "timestamp": "2025-02-22T01:03:10.074894"
        },
        {
            "move_number": 6,
            "player": 2,
            "column": 2,
            "row": 5,
            "timestamp": "2025-02-22T01:03:10.074997"
        },
        {
            "move_number": 7,
            "player": 1,
            "column": 6,
            "row": 5,
            "timestamp": "2025-02-22T01:03:12.075259"
        }
    ]
}