{
    "metadata": {
        "bot1": "HeuristicBot",
        "bot2": "MCTSBot",
        "game_number": 400,
        "ordering": "normal",
        "result": "HeuristicBot"
    },
    "move_log": [
        {
            "move_number": 1,
            "player": 1,
            "column": 3,
            "row": 5,
            "timestamp": "2025-02-22T00:23:39.429732"
        },
        {
            "move_number": 2,
            "player": 2,
            "column": 4,
            "row": 5,
            "timestamp": "2025-02-22T00:23:41.429873"
        },
        {
            "move_number": 3,
            "player": 1,
            "column": 3,
            "row": 4,
            "timestamp": "2025-02-22T00:23:41.430002"
        },
        {
            "move_number": 4,
            "player": 2,
            "column": 3,
            "row": 3,
            "timestamp": "2025-02-22T00:23:43.430268"
        },
        {
            "move_number": 5,
            "player": 1,
            "column": 3,
            "row": 2,
            "timestamp": "2025-02-22T00:23:43.430395"
        },
        {
            "move_number": 6,
            "player": 2,
            "column": 4,
            "row": 4,
            "timestamp": "2025-02-22T00:23:45.430451"
        },
        {
            "move_number": 7,
            "player": 1,
            "column": 3,
            "row": 1,
            "timestamp": "2025-02-22T00:23:45.430596"
        },
        {
            "move_number": 8,
            "player": 2,
            "column": 4,
            "row": 3,
            "timestamp": "2025-02-22T00:23:47.430799"
        },
        {
            "move_number": 9,
            "player": 1,
            "column": 4,
            "row": 2,
            "timestamp": "2025-02-22T00:23:47.430940"
        },
        {
            "move_number": 10,
            "player": 2,
            "column": 2,
            "row": 5,
            "timestamp": "2025-02-22T00:23:49.431019"
        },
        {
            "move_number": 11,
            "player": 1,
            "column": 3,
            "row": 0,
            "timestamp": "2025-02-22T00:23:49.431147"
        },
        {
            "move_number": 12,
            "player": 2,
            "column": 5,
            "row": 5,
            "timestamp": "2025-02-22T00:23:51.431351"
        },
        {
            "move_number": 13,
            "player": 1,
            "column": 2,
            "row": 4,
            "timestamp": "2025-02-22T00:23:51.431484"
        },
        {
            "move_number": 14,
            "player": 2,
            "column": 2,
            "row": 3,
            "timestamp": "2025-02-22T00:23:53.431626"
        },
        {
            "move_number": 15,
            "player": 1,
            "column": 2,
            "row": 2,
            "timestamp": "2025-02-22T00:23:53.431718"
        },
        {
            "move_number": 16,
            "player": 2,
            "column": 1,
            "row": 5,
            "timestamp": "2025-02-22T00:23:55.431772"
        },
        {
            "move_number": 17,
            "player": 1,
            "column": 2,
            "row": 1,
            "timestamp": "2025-02-22T00:23:55.431888"
        },
        {
            "move_number": 18,
            "player": 2,
            "column": 1,
            "row": 4,
            "timestamp": "2025-02-22T00:23:57.432008"
        },
        {
            "move_number": 19,
            "player": 1,
            "column": 1,
            "row": 3,
            "timestamp": "2025-02-22T00:23:57.432182"
        },
        {
            "move_number": 20,
            "player": 2,
            "column": 1,
            "row": 2,
            "timestamp": "2025-02-22T00:23:59.432247"
        },
        {
            "move_number": 21,
            "player": 1,
            "column": 2,
            "row": 0,
            "timestamp": "2025-02-22T00:23:59.432384"
        },
        {
            "move_number": 22,
            "player": 2,
            "column": 5,
            "row": 4,
            "timestamp": "2025-02-22T00:24:01.432431"
        },
        {
            "move_number": 23,
            "player": 1,
            "column": 5,
            "row": 3,
            "timestamp": "2025-02-22T00:24:01.432490"
        }
    ]
}