{
    "metadata": {
        "bot1": "HeuristicBot",
        "bot2": "MCTSBot",
        "game_number": 319,
        "ordering": "normal",
        "result": "MCTSBot"
    },
    "move_log": [
        {
            "move_number": 1,
            "player": 1,
            "column": 3,
            "row": 5,
            "timestamp": "2025-02-21T23:52:32.916976"
        },
        {
            "move_number": 2,
            "player": 2,
            "column": 3,
            "row": 4,
            "timestamp": "2025-02-21T23:52:34.917722"
        },
        {
            "move_number": 3,
            "player": 1,
            "column": 3,
            "row": 3,
            "timestamp": "2025-02-21T23:52:34.918112"
        },
        {
            "move_number": 4,
            "player": 2,
            "column": 1,
            "row": 5,
            "timestamp": "2025-02-21T23:52:36.918190"
        },
        {
            "move_number": 5,
            "player": 1,
            "column": 3,
            "row": 2,
            "timestamp": "2025-02-21T23:52:36.918311"
        },
        {
            "move_number": 6,
            "player": 2,
            "column": 1,
            "row": 4,
            "timestamp": "2025-02-21T23:52:38.918351"
        },
        {
            "move_number": 7,
            "player": 1,
            "column": 3,
            "row": 1,
            "timestamp": "2025-02-21T23:52:38.918479"
        },
        {
            "move_number": 8,
            "player": 2,
            "column": 3,
            "row": 0,
            "timestamp": "2025-02-21T23:52:40.918671"
        },
        {
            "move_number": 9,
            "player": 1,
            "column": 2,
            "row": 5,
            "timestamp": "2025-02-21T23:52:40.919023"
        },
        {
            "move_number": 10,
            "player": 2,
            "column": 2,
            "row": 4,
            "timestamp": "2025-02-21T23:52:42.919148"
        },
        {
            "move_number": 11,
            "player": 1,
            "column": 2,
            "row": 3,
            "timestamp": "2025-02-21T23:52:42.919269"
        },
        {
            "move_number": 12,
            "player": 2,
            "column": 1,
            "row": 3,
            "timestamp": "2025-02-21T23:52:44.919307"
        },
        {
            "move_number": 13,
            "player": 1,
            "column": 1,
            "row": 2,
            "timestamp": "2025-02-21T23:52:44.919400"
        },
        {
            "move_number": 14,
            "player": 2,
            "column": 5,
            "row": 5,
            "timestamp": "2025-02-21T23:52:46.919484"
        },
        {
            "move_number": 15,
            "player": 1,
            "column": 2,
            "row": 2,
            "timestamp": "2025-02-21T23:52:46.919609"
        },
        {
            "move_number": 16,
            "player": 2,
            "column": 2,
            "row": 1,
            "timestamp": "2025-02-21T23:52:48.919740"
        },
        {
            "move_number": 17,
            "player": 1,
            "column": 2,
            "row": 0,
            "timestamp": "2025-02-21T23:52:48.919865"
        },
        {
            "move_number": 18,
            "player": 2,
            "column": 1,
            "row": 1,
            "timestamp": "2025-02-21T23:52:50.920113"
        },
        {
            "move_number": 19,
            "player": 1,
            "column": 4,
            "row": 5,
            "timestamp": "2025-02-21T23:52:50.920234"
        },
        {
            "move_number": 20,
            "player": 2,
            "column": 4,
            "row": 4,
            "timestamp": "2025-02-21T23:52:52.920479"
        }
    ]
}