{
    "metadata": {
        "bot1": "HeuristicBot",
        "bot2": "MCTSBot",
        "game_number": 220,
        "ordering": "normal",
        "result": "MCTSBot"
    },
    "move_log": [
        {
            "move_number": 1,
            "player": 1,
            "column": 3,
            "row": 5,
            "timestamp": "2025-02-21T23:16:00.219533"
        },
        {
            "move_number": 2,
            "player": 2,
            "column": 4,
            "row": 5,
            "timestamp": "2025-02-21T23:16:02.219606"
        },
        {
            "move_number": 3,
            "player": 1,
            "column": 3,
            "row": 4,
            "timestamp": "2025-02-21T23:16:02.219732"
        },
        {
            "move_number": 4,
            "player": 2,
            "column": 3,
            "row": 3,
            "timestamp": "2025-02-21T23:16:04.219796"
        },
        {
            "move_number": 5,
            "player": 1,
            "column": 3,
            "row": 2,
            "timestamp": "2025-02-21T23:16:04.220043"
        },
        {
            "move_number": 6,
            "player": 2,
            "column": 4,
            "row": 4,
            "timestamp": "2025-02-21T23:16:06.220184"
        },
        {
            "move_number": 7,
            "player": 1,
            "column": 3,
            "row": 1,
            "timestamp": "2025-02-21T23:16:06.220369"
        },
        {
            "move_number": 8,
            "player": 2,
            "column": 4,
            "row": 3,
            "timestamp": "2025-02-21T23:16:08.220525"
        },
        {
            "move_number": 9,
            "player": 1,
            "column": 4,
            "row": 2,
            "timestamp": "2025-02-21T23:16:08.220638"
        },
        {
            "move_number": 10,
            "player": 2,
            "column": 0,
            "row": 5,
            "timestamp": "2025-02-21T23:16:10.220692"
        },
        {
            "move_number": 11,
            "player": 1,
            "column": 3,
            "row": 0,
            "timestamp": "2025-02-21T23:16:10.220955"
        },
        {
            "move_number": 12,
            "player": 2,
            "column": 0,
            "row": 4,
            "timestamp": "2025-02-21T23:16:12.221081"
        },
        {
            "move_number": 13,
            "player": 1,
            "column": 2,
            "row": 5,
            "timestamp": "2025-02-21T23:16:12.221207"
        },
        {
            "move_number": 14,
            "player": 2,
            "column": 0,
            "row": 3,
            "timestamp": "2025-02-21T23:16:14.221277"
        },
        {
            "move_number": 15,
            "player": 1,
            "column": 0,
            "row": 2,
            "timestamp": "2025-02-21T23:16:14.221359"
        },
        {
            "move_number": 16,
            "player": 2,
            "column": 5,
            "row": 5,
            "timestamp": "2025-02-21T23:16:16.221486"
        },
        {
            "move_number": 17,
            "player": 1,
            "column": 2,
            "row": 4,
            "timestamp": "2025-02-21T23:16:16.221631"
        },
        {
            "move_number": 18,
            "player": 2,
            "column": 2,
            "row": 3,
            "timestamp": "2025-02-21T23:16:18.221669"
        },
        {
            "move_number": 19,
            "player": 1,
            "column": 2,
            "row": 2,
            "timestamp": "2025-02-21T23:16:18.221766"
        },
        {
            "move_number": 20,
            "player": 2,
            "column": 6,
            "row": 5,
            "timestamp": "2025-02-21T23:16:20.222008"
        },
        {
            "move_number": 21,
            "player": 1,
            "column": 2,
            "row": 1,
            "timestamp": "2025-02-21T23:16:20.222380"
        },
        {
            "move_number": 22,
            "player": 2,
            "column": 6,
            "row": 4,
            "timestamp": "2025-02-21T23:16:22.222505"
        },
        {
            "move_number": 23,
            "player": 1,
            "column": 2,
            "row": 0,
            "timestamp": "2025-02-21T23:16:22.222634"
        },
        {
            "move_number": 24,
            "player": 2,
            "column": 6,
            "row": 3,
            "timestamp": "2025-02-21T23:16:24.222682"
        },
        {
            "move_number": 25,
            "player": 1,
            "column": 6,
            "row": 2,
            "timestamp": "2025-02-21T23:16:24.222795"
        },
        {
            "move_number": 26,
            "player": 2,
            "column": 1,
            "row": 5,
            "timestamp": "2025-02-21T23:16:26.222859"
        },
        {
            "move_number": 27,
            "player": 1,
            "column": 4,
            "row": 1,
            "timestamp": "2025-02-21T23:16:26.222989"
        },
        {
            "move_number": 28,
            "player": 2,
            "column": 4,
            "row": 0,
            "timestamp": "2025-02-21T23:16:28.223028"
        },
        {
            "move_number": 29,
            "player": 1,
            "column": 1,
            "row": 4,
            "timestamp": "2025-02-21T23:16:28.223133"
        },
        {
            "move_number": 30,
            "player": 2,
            "column": 1,
            "row": 3,
            "timestamp": "2025-02-21T23:16:30.223186"
        }
    ]
}