{
    "metadata": {
        "bot1": "HeuristicBot",
        "bot2": "MCTSBot",
        "game_number": 402,
        "ordering": "normal",
        "result": "MCTSBot"
    },
    "move_log": [
        {
            "move_number": 1,
            "player": 1,
            "column": 3,
            "row": 5,
            "timestamp": "2025-02-22T00:24:07.436146"
        },
        {
            "move_number": 2,
            "player": 2,
            "column": 2,
            "row": 5,
            "timestamp": "2025-02-22T00:24:09.436252"
        },
        {
            "move_number": 3,
            "player": 1,
            "column": 3,
            "row": 4,
            "timestamp": "2025-02-22T00:24:09.436387"
        },
        {
            "move_number": 4,
            "player": 2,
            "column": 3,
            "row": 3,
            "timestamp": "2025-02-22T00:24:11.436454"
        },
        {
            "move_number": 5,
            "player": 1,
            "column": 3,
            "row": 2,
            "timestamp": "2025-02-22T00:24:11.436570"
        },
        {
            "move_number": 6,
            "player": 2,
            "column": 2,
            "row": 4,
            "timestamp": "2025-02-22T00:24:13.436608"
        },
        {
            "move_number": 7,
            "player": 1,
            "column": 3,
            "row": 1,
            "timestamp": "2025-02-22T00:24:13.436728"
        },
        {
            "move_number": 8,
            "player": 2,
            "column": 2,
            "row": 3,
            "timestamp": "2025-02-22T00:24:15.436867"
        },
        {
            "move_number": 9,
            "player": 1,
            "column": 2,
            "row": 2,
            "timestamp": "2025-02-22T00:24:15.436966"
        },
        {
            "move_number": 10,
            "player": 2,
            "column": 4,
            "row": 5,
            "timestamp": "2025-02-22T00:24:17.437020"
        },
        {
            "move_number": 11,
            "player": 1,
            "column": 3,
            "row": 0,
            "timestamp": "2025-02-22T00:24:17.437149"
        },
        {
            "move_number": 12,
            "player": 2,
            "column": 4,
            "row": 4,
            "timestamp": "2025-02-22T00:24:19.437288"
        },
        {
            "move_number": 13,
            "player": 1,
            "column": 2,
            "row": 1,
            "timestamp": "2025-02-22T00:24:19.437405"
        },
        {
            "move_number": 14,
            "player": 2,
            "column": 4,
            "row": 3,
            "timestamp": "2025-02-22T00:24:21.437490"
        },
        {
            "move_number": 15,
            "player": 1,
            "column": 4,
            "row": 2,
            "timestamp": "2025-02-22T00:24:21.437609"
        },
        {
            "move_number": 16,
            "player": 2,
            "column": 6,
            "row": 5,
            "timestamp": "2025-02-22T00:24:23.437666"
        },
        {
            "move_number": 17,
            "player": 1,
            "column": 2,
            "row": 0,
            "timestamp": "2025-02-22T00:24:23.437802"
        },
        {
            "move_number": 18,
            "player": 2,
            "column": 6,
            "row": 4,
            "timestamp": "2025-02-22T00:24:25.437890"
        },
        {
            "move_number": 19,
            "player": 1,
            "column": 4,
            "row": 1,
            "timestamp": "2025-02-22T00:24:25.438020"
        },
        {
            "move_number": 20,
            "player": 2,
            "column": 6,
            "row": 3,
            "timestamp": "2025-02-22T00:24:27.438242"
        },
        {
            "move_number": 21,
            "player": 1,
            "column": 6,
            "row": 2,
            "timestamp": "2025-02-22T00:24:27.438479"
        },
        {
            "move_number": 22,
            "player": 2,
            "column": 4,
            "row": 0,
            "timestamp": "2025-02-22T00:24:29.438648"
        },
        {
            "move_number": 23,
            "player": 1,
            "column": 1,
            "row": 5,
            "timestamp": "2025-02-22T00:24:29.438741"
        },
        {
            "move_number": 24,
            "player": 2,
            "column": 5,
            "row": 5,
            "timestamp": "2025-02-22T00:24:31.438901"
        },
        {
            "move_number": 25,
            "player": 1,
            "column": 1,
            "row": 4,
            "timestamp": "2025-02-22T00:24:31.439023"
        },
        {
            "move_number": 26,
            "player": 2,
            "column": 1,
            "row": 3,
            "timestamp": "2025-02-22T00:24:33.439081"
        }
    ]
}