{
    "metadata": {
        "bot1": "HeuristicBot",
        "bot2": "MCTSBot",
        "game_number": 147,
        "ordering": "normal",
        "result": "HeuristicBot"
    },
    "move_log": [
        {
            "move_number": 1,
            "player": 1,
            "column": 3,
            "row": 5,
            "timestamp": "2025-02-21T22:48:07.693511"
        },
        {
            "move_number": 2,
            "player": 2,
            "column": 3,
            "row": 4,
            "timestamp": "2025-02-21T22:48:09.693601"
        },
        {
            "move_number": 3,
            "player": 1,
            "column": 3,
            "row": 3,
            "timestamp": "2025-02-21T22:48:09.693730"
        },
        {
            "move_number": 4,
            "player": 2,
            "column": 5,
            "row": 5,
            "timestamp": "2025-02-21T22:48:11.693990"
        },
        {
            "move_number": 5,
            "player": 1,
            "column": 3,
            "row": 2,
            "timestamp": "2025-02-21T22:48:11.694121"
        },
        {
            "move_number": 6,
            "player": 2,
            "column": 5,
            "row": 4,
            "timestamp": "2025-02-21T22:48:13.694225"
        },
        {
            "move_number": 7,
            "player": 1,
            "column": 3,
            "row": 1,
            "timestamp": "2025-02-21T22:48:13.694350"
        },
        {
            "move_number": 8,
            "player": 2,
            "column": 3,
            "row": 0,
            "timestamp": "2025-02-21T22:48:15.694389"
        },
        {
            "move_number": 9,
            "player": 1,
            "column": 2,
            "row": 5,
            "timestamp": "2025-02-21T22:48:15.694504"
        },
        {
            "move_number": 10,
            "player": 2,
            "column": 1,
            "row": 5,
            "timestamp": "2025-02-21T22:48:17.694630"
        },
        {
            "move_number": 11,
            "player": 1,
            "column": 2,
            "row": 4,
            "timestamp": "2025-02-21T22:48:17.694747"
        },
        {
            "move_number": 12,
            "player": 2,
            "column": 5,
            "row": 3,
            "timestamp": "2025-02-21T22:48:19.694981"
        },
        {
            "move_number": 13,
            "player": 1,
            "column": 5,
            "row": 2,
            "timestamp": "2025-02-21T22:48:19.695091"
        },
        {
            "move_number": 14,
            "player": 2,
            "column": 2,
            "row": 3,
            "timestamp": "2025-02-21T22:48:21.695179"
        },
        {
            "move_number": 15,
            "player": 1,
            "column": 2,
            "row": 2,
            "timestamp": "2025-02-21T22:48:21.695439"
        },
        {
            "move_number": 16,
            "player": 2,
            "column": 4,
            "row": 5,
            "timestamp": "2025-02-21T22:48:23.695637"
        },
        {
            "move_number": 17,
            "player": 1,
            "column": 2,
            "row": 1,
            "timestamp": "2025-02-21T22:48:23.695753"
        },
        {
            "move_number": 18,
            "player": 2,
            "column": 4,
            "row": 4,
            "timestamp": "2025-02-21T22:48:25.695817"
        },
        {
            "move_number": 19,
            "player": 1,
            "column": 2,
            "row": 0,
            "timestamp": "2025-02-21T22:48:25.695979"
        },
        {
            "move_number": 20,
            "player": 2,
            "column": 1,
            "row": 4,
            "timestamp": "2025-02-21T22:48:27.696042"
        },
        {
            "move_number": 21,
            "player": 1,
            "column": 4,
            "row": 3,
            "timestamp": "2025-02-21T22:48:27.696210"
        },
        {
            "move_number": 22,
            "player": 2,
            "column": 4,
            "row": 2,
            "timestamp": "2025-02-21T22:48:29.696263"
        },
        {
            "move_number": 23,
            "player": 1,
            "column": 4,
            "row": 1,
            "timestamp": "2025-02-21T22:48:29.696376"
        },
        {
            "move_number": 24,
            "player": 2,
            "column": 5,
            "row": 1,
            "timestamp": "2025-02-21T22:48:31.696411"
        },
        {
            "move_number": 25,
            "player": 1,
            "column": 4,
            "row": 0,
            "timestamp": "2025-02-21T22:48:31.696525"
        },
        {
            "move_number": 26,
            "player": 2,
            "column": 1,
            "row": 3,
            "timestamp": "2025-02-21T22:48:33.696599"
        },
        {
            "move_number": 27,
            "player": 1,
            "column": 1,
            "row": 2,
            "timestamp": "2025-02-21T22:48:33.696677"
        },
        {
            "move_number": 28,
            "player": 2,
            "column": 1,
            "row": 1,
            "timestamp": "2025-02-21T22:48:35.696711"
        },
        {
            "move_number": 29,
            "player": 1,
            "column": 1,
            "row": 0,
            "timestamp": "2025-02-21T22:48:35.696758"
        }
    ]
}