{
    "metadata": {
        "bot1": "HeuristicBot",
        "bot2": "MCTSBot",
        "game_number": 381,
        "ordering": "normal",
        "result": "MCTSBot"
    },
    "move_log": [
        {
            "move_number": 1,
            "player": 1,
            "column": 3,
            "row": 5,
            "timestamp": "2025-02-22T00:16:35.328891"
        },
        {
            "move_number": 2,
            "player": 2,
            "column": 3,
            "row": 4,
            "timestamp": "2025-02-22T00:16:37.329043"
        },
        {
            "move_number": 3,
            "player": 1,
            "column": 3,
            "row": 3,
            "timestamp": "2025-02-22T00:16:37.329169"
        },
        {
            "move_number": 4,
            "player": 2,
            "column": 4,
            "row": 5,
            "timestamp": "2025-02-22T00:16:39.329280"
        },
        {
            "move_number": 5,
            "player": 1,
            "column": 3,
            "row": 2,
            "timestamp": "2025-02-22T00:16:39.329428"
        },
        {
            "move_number": 6,
            "player": 2,
            "column": 4,
            "row": 4,
            "timestamp": "2025-02-22T00:16:41.329467"
        },
        {
            "move_number": 7,
            "player": 1,
            "column": 3,
            "row": 1,
            "timestamp": "2025-02-22T00:16:41.329586"
        },
        {
            "move_number": 8,
            "player": 2,
            "column": 3,
            "row": 0,
            "timestamp": "2025-02-22T00:16:43.329748"
        },
        {
            "move_number": 9,
            "player": 1,
            "column": 2,
            "row": 5,
            "timestamp": "2025-02-22T00:16:43.329881"
        },
        {
            "move_number": 10,
            "player": 2,
            "column": 4,
            "row": 3,
            "timestamp": "2025-02-22T00:16:45.329999"
        },
        {
            "move_number": 11,
            "player": 1,
            "column": 4,
            "row": 2,
            "timestamp": "2025-02-22T00:16:45.330101"
        },
        {
            "move_number": 12,
            "player": 2,
            "column": 2,
            "row": 4,
            "timestamp": "2025-02-22T00:16:47.330380"
        },
        {
            "move_number": 13,
            "player": 1,
            "column": 2,
            "row": 3,
            "timestamp": "2025-02-22T00:16:47.330524"
        },
        {
            "move_number": 14,
            "player": 2,
            "column": 0,
            "row": 5,
            "timestamp": "2025-02-22T00:16:49.330628"
        },
        {
            "move_number": 15,
            "player": 1,
            "column": 2,
            "row": 2,
            "timestamp": "2025-02-22T00:16:49.330767"
        },
        {
            "move_number": 16,
            "player": 2,
            "column": 2,
            "row": 1,
            "timestamp": "2025-02-22T00:16:51.330845"
        },
        {
            "move_number": 17,
            "player": 1,
            "column": 2,
            "row": 0,
            "timestamp": "2025-02-22T00:16:51.330992"
        },
        {
            "move_number": 18,
            "player": 2,
            "column": 4,
            "row": 1,
            "timestamp": "2025-02-22T00:16:53.331126"
        },
        {
            "move_number": 19,
            "player": 1,
            "column": 4,
            "row": 0,
            "timestamp": "2025-02-22T00:16:53.331266"
        },
        {
            "move_number": 20,
            "player": 2,
            "column": 0,
            "row": 4,
            "timestamp": "2025-02-22T00:16:55.331316"
        },
        {
            "move_number": 21,
            "player": 1,
            "column": 1,
            "row": 5,
            "timestamp": "2025-02-22T00:16:55.331444"
        },
        {
            "move_number": 22,
            "player": 2,
            "column": 0,
            "row": 3,
            "timestamp": "2025-02-22T00:16:57.331575"
        },
        {
            "move_number": 23,
            "player": 1,
            "column": 0,
            "row": 2,
            "timestamp": "2025-02-22T00:16:57.331742"
        },
        {
            "move_number": 24,
            "player": 2,
            "column": 1,
            "row": 4,
            "timestamp": "2025-02-22T00:16:59.331840"
        }
    ]
}