{
    "metadata": {
        "bot1": "HeuristicBot",
        "bot2": "MCTSBot",
        "game_number": 288,
        "ordering": "normal",
        "result": "MCTSBot"
    },
    "move_log": [
        {
            "move_number": 1,
            "player": 1,
            "column": 3,
            "row": 5,
            "timestamp": "2025-02-21T23:40:56.719705"
        },
        {
            "move_number": 2,
            "player": 2,
            "column": 2,
            "row": 5,
            "timestamp": "2025-02-21T23:40:58.719791"
        },
        {
            "move_number": 3,
            "player": 1,
            "column": 3,
            "row": 4,
            "timestamp": "2025-02-21T23:40:58.719918"
        },
        {
            "move_number": 4,
            "player": 2,
            "column": 3,
            "row": 3,
            "timestamp": "2025-02-21T23:41:00.719979"
        },
        {
            "move_number": 5,
            "player": 1,
            "column": 3,
            "row": 2,
            "timestamp": "2025-02-21T23:41:00.720106"
        },
        {
            "move_number": 6,
            "player": 2,
            "column": 2,
            "row": 4,
            "timestamp": "2025-02-21T23:41:02.720221"
        },
        {
            "move_number": 7,
            "player": 1,
            "column": 3,
            "row": 1,
            "timestamp": "2025-02-21T23:41:02.720374"
        },
        {
            "move_number": 8,
            "player": 2,
            "column": 2,
            "row": 3,
            "timestamp": "2025-02-21T23:41:04.720549"
        },
        {
            "move_number": 9,
            "player": 1,
            "column": 2,
            "row": 2,
            "timestamp": "2025-02-21T23:41:04.720657"
        },
        {
            "move_number": 10,
            "player": 2,
            "column": 4,
            "row": 5,
            "timestamp": "2025-02-21T23:41:06.721052"
        },
        {
            "move_number": 11,
            "player": 1,
            "column": 3,
            "row": 0,
            "timestamp": "2025-02-21T23:41:06.721346"
        },
        {
            "move_number": 12,
            "player": 2,
            "column": 1,
            "row": 5,
            "timestamp": "2025-02-21T23:41:08.721407"
        },
        {
            "move_number": 13,
            "player": 1,
            "column": 2,
            "row": 1,
            "timestamp": "2025-02-21T23:41:08.721537"
        },
        {
            "move_number": 14,
            "player": 2,
            "column": 4,
            "row": 4,
            "timestamp": "2025-02-21T23:41:10.721587"
        },
        {
            "move_number": 15,
            "player": 1,
            "column": 2,
            "row": 0,
            "timestamp": "2025-02-21T23:41:10.721722"
        },
        {
            "move_number": 16,
            "player": 2,
            "column": 4,
            "row": 3,
            "timestamp": "2025-02-21T23:41:12.721960"
        },
        {
            "move_number": 17,
            "player": 1,
            "column": 4,
            "row": 2,
            "timestamp": "2025-02-21T23:41:12.722063"
        },
        {
            "move_number": 18,
            "player": 2,
            "column": 5,
            "row": 5,
            "timestamp": "2025-02-21T23:41:14.722163"
        },
        {
            "move_number": 19,
            "player": 1,
            "column": 4,
            "row": 1,
            "timestamp": "2025-02-21T23:41:14.722282"
        },
        {
            "move_number": 20,
            "player": 2,
            "column": 4,
            "row": 0,
            "timestamp": "2025-02-21T23:41:16.722410"
        },
        {
            "move_number": 21,
            "player": 1,
            "column": 1,
            "row": 4,
            "timestamp": "2025-02-21T23:41:16.722512"
        },
        {
            "move_number": 22,
            "player": 2,
            "column": 1,
            "row": 3,
            "timestamp": "2025-02-21T23:41:18.722567"
        }
    ]
}