{
    "metadata": {
        "bot1": "HeuristicBot",
        "bot2": "MCTSBot",
        "game_number": 309,
        "ordering": "normal",
        "result": "MCTSBot"
    },
    "move_log": [
        {
            "move_number": 1,
            "player": 1,
            "column": 3,
            "row": 5,
            "timestamp": "2025-02-21T23:48:54.852854"
        },
        {
            "move_number": 2,
            "player": 2,
            "column": 4,
            "row": 5,
            "timestamp": "2025-02-21T23:48:56.853089"
        },
        {
            "move_number": 3,
            "player": 1,
            "column": 3,
            "row": 4,
            "timestamp": "2025-02-21T23:48:56.853219"
        },
        {
            "move_number": 4,
            "player": 2,
            "column": 3,
            "row": 3,
            "timestamp": "2025-02-21T23:48:58.853391"
        },
        {
            "move_number": 5,
            "player": 1,
            "column": 3,
            "row": 2,
            "timestamp": "2025-02-21T23:48:58.853527"
        },
        {
            "move_number": 6,
            "player": 2,
            "column": 4,
            "row": 4,
            "timestamp": "2025-02-21T23:49:00.853557"
        },
        {
            "move_number": 7,
            "player": 1,
            "column": 3,
            "row": 1,
            "timestamp": "2025-02-21T23:49:00.853690"
        },
        {
            "move_number": 8,
            "player": 2,
            "column": 4,
            "row": 3,
            "timestamp": "2025-02-21T23:49:02.853738"
        },
        {
            "move_number": 9,
            "player": 1,
            "column": 4,
            "row": 2,
            "timestamp": "2025-02-21T23:49:02.853858"
        },
        {
            "move_number": 10,
            "player": 2,
            "column": 2,
            "row": 5,
            "timestamp": "2025-02-21T23:49:04.853919"
        },
        {
            "move_number": 11,
            "player": 1,
            "column": 3,
            "row": 0,
            "timestamp": "2025-02-21T23:49:04.854058"
        },
        {
            "move_number": 12,
            "player": 2,
            "column": 5,
            "row": 5,
            "timestamp": "2025-02-21T23:49:06.854236"
        },
        {
            "move_number": 13,
            "player": 1,
            "column": 2,
            "row": 4,
            "timestamp": "2025-02-21T23:49:06.854364"
        },
        {
            "move_number": 14,
            "player": 2,
            "column": 2,
            "row": 3,
            "timestamp": "2025-02-21T23:49:08.854400"
        },
        {
            "move_number": 15,
            "player": 1,
            "column": 2,
            "row": 2,
            "timestamp": "2025-02-21T23:49:08.854501"
        },
        {
            "move_number": 16,
            "player": 2,
            "column": 2,
            "row": 1,
            "timestamp": "2025-02-21T23:49:10.854533"
        },
        {
            "move_number": 17,
            "player": 1,
            "column": 2,
            "row": 0,
            "timestamp": "2025-02-21T23:49:10.854665"
        },
        {
            "move_number": 18,
            "player": 2,
            "column": 1,
            "row": 5,
            "timestamp": "2025-02-21T23:49:12.854708"
        },
        {
            "move_number": 19,
            "player": 1,
            "column": 4,
            "row": 1,
            "timestamp": "2025-02-21T23:49:12.854831"
        },
        {
            "move_number": 20,
            "player": 2,
            "column": 4,
            "row": 0,
            "timestamp": "2025-02-21T23:49:14.854954"
        },
        {
            "move_number": 21,
            "player": 1,
            "column": 1,
            "row": 4,
            "timestamp": "2025-02-21T23:49:14.855070"
        },
        {
            "move_number": 22,
            "player": 2,
            "column": 1,
            "row": 3,
            "timestamp": "2025-02-21T23:49:16.855137"
        }
    ]
}