{
    "metadata": {
        "bot1": "HeuristicBot",
        "bot2": "MCTSBot",
        "game_number": 375,
        "ordering": "normal",
        "result": "MCTSBot"
    },
    "move_log": [
        {
            "move_number": 1,
            "player": 1,
            "column": 3,
            "row": 5,
            "timestamp": "2025-02-22T00:13:43.291177"
        },
        {
            "move_number": 2,
            "player": 2,
            "column": 4,
            "row": 5,
            "timestamp": "2025-02-22T00:13:45.291421"
        },
        {
            "move_number": 3,
            "player": 1,
            "column": 3,
            "row": 4,
            "timestamp": "2025-02-22T00:13:45.291550"
        },
        {
            "move_number": 4,
            "player": 2,
            "column": 3,
            "row": 3,
            "timestamp": "2025-02-22T00:13:47.291696"
        },
        {
            "move_number": 5,
            "player": 1,
            "column": 3,
            "row": 2,
            "timestamp": "2025-02-22T00:13:47.291851"
        },
        {
            "move_number": 6,
            "player": 2,
            "column": 4,
            "row": 4,
            "timestamp": "2025-02-22T00:13:49.291958"
        },
        {
            "move_number": 7,
            "player": 1,
            "column": 3,
            "row": 1,
            "timestamp": "2025-02-22T00:13:49.292074"
        },
        {
            "move_number": 8,
            "player": 2,
            "column": 4,
            "row": 3,
            "timestamp": "2025-02-22T00:13:51.292525"
        },
        {
            "move_number": 9,
            "player": 1,
            "column": 4,
            "row": 2,
            "timestamp": "2025-02-22T00:13:51.292757"
        },
        {
            "move_number": 10,
            "player": 2,
            "column": 2,
            "row": 5,
            "timestamp": "2025-02-22T00:13:53.292929"
        },
        {
            "move_number": 11,
            "player": 1,
            "column": 3,
            "row": 0,
            "timestamp": "2025-02-22T00:13:53.293056"
        },
        {
            "move_number": 12,
            "player": 2,
            "column": 2,
            "row": 4,
            "timestamp": "2025-02-22T00:13:55.293167"
        },
        {
            "move_number": 13,
            "player": 1,
            "column": 2,
            "row": 3,
            "timestamp": "2025-02-22T00:13:55.293287"
        },
        {
            "move_number": 14,
            "player": 2,
            "column": 2,
            "row": 2,
            "timestamp": "2025-02-22T00:13:57.293337"
        },
        {
            "move_number": 15,
            "player": 1,
            "column": 5,
            "row": 5,
            "timestamp": "2025-02-22T00:13:57.293457"
        },
        {
            "move_number": 16,
            "player": 2,
            "column": 4,
            "row": 1,
            "timestamp": "2025-02-22T00:13:59.293543"
        },
        {
            "move_number": 17,
            "player": 1,
            "column": 2,
            "row": 1,
            "timestamp": "2025-02-22T00:13:59.293672"
        },
        {
            "move_number": 18,
            "player": 2,
            "column": 0,
            "row": 5,
            "timestamp": "2025-02-22T00:14:01.293757"
        },
        {
            "move_number": 19,
            "player": 1,
            "column": 2,
            "row": 0,
            "timestamp": "2025-02-22T00:14:01.293888"
        },
        {
            "move_number": 20,
            "player": 2,
            "column": 1,
            "row": 5,
            "timestamp": "2025-02-22T00:14:03.293941"
        },
        {
            "move_number": 21,
            "player": 1,
            "column": 4,
            "row": 0,
            "timestamp": "2025-02-22T00:14:03.294122"
        },
        {
            "move_number": 22,
            "player": 2,
            "column": 1,
            "row": 4,
            "timestamp": "2025-02-22T00:14:05.294277"
        },
        {
            "move_number": 23,
            "player": 1,
            "column": 1,
            "row": 3,
            "timestamp": "2025-02-22T00:14:05.294375"
        },
        {
            "move_number": 24,
            "player": 2,
            "column": 1,
            "row": 2,
            "timestamp": "2025-02-22T00:14:07.294432"
        },
        {
            "move_number": 25,
            "player": 1,
            "column": 1,
            "row": 1,
            "timestamp": "2025-02-22T00:14:07.294519"
        },
        {
            "move_number": 26,
            "player": 2,
            "column": 1,
            "row": 0,
            "timestamp": "2025-02-22T00:14:09.294569"
        },
        {
            "move_number": 27,
            "player": 1,
            "column": 5,
            "row": 4,
            "timestamp": "2025-02-22T00:14:09.294667"
        },
        {
            "move_number": 28,
            "player": 2,
            "column": 5,
            "row": 3,
            "timestamp": "2025-02-22T00:14:11.294723"
        },
        {
            "move_number": 29,
            "player": 1,
            "column": 5,
            "row": 2,
            "timestamp": "2025-02-22T00:14:11.294809"
        },
        {
            "move_number": 30,
            "player": 2,
            "column": 6,
            "row": 5,
            "timestamp": "2025-02-22T00:14:13.294886"
        },
        {
            "move_number": 31,
            "player": 1,
            "column": 5,
            "row": 1,
            "timestamp": "2025-02-22T00:14:13.295032"
        },
        {
            "move_number": 32,
            "player": 2,
            "column": 5,
            "row": 0,
            "timestamp": "2025-02-22T00:14:15.295098"
        },
        {
            "move_number": 33,
            "player": 1,
            "column": 0,
            "row": 4,
            "timestamp": "2025-02-22T00:14:15.295172"
        },
        {
            "move_number": 34,
            "player": 2,
            "column": 0,
            "row": 3,
            "timestamp": "2025-02-22T00:14:17.295319"
        },
        {
            "move_number": 35,
            "player": 1,
            "column": 0,
            "row": 2,
            "timestamp": "2025-02-22T00:14:17.295394"
        },
        {
            "move_number": 36,
            "player": 2,
            "column": 0,
            "row": 1,
            "timestamp": "2025-02-22T00:14:19.295493"
        },
        {
            "move_number": 37,
            "player": 1,
            "column": 0,
            "row": 0,
            "timestamp": "2025-02-22T00:14:19.295569"
        },
        {
            "move_number": 38,
            "player": 2,
            "column": 6,
            "row": 4,
            "timestamp": "2025-02-22T00:14:21.295626"
        },
        {
            "move_number": 39,
            "player": 1,
            "column": 6,
            "row": 3,
            "timestamp": "2025-02-22T00:14:21.295676"
        },
        {
            "move_number": 40,
            "player": 2,
            "column": 6,
            "row": 2,
            "timestamp": "2025-02-22T00:14:23.295737"
        },
        {
            "move_number": 41,
            "player": 1,
            "column": 6,
            "row": 1,
            "timestamp": "2025-02-22T00:14:23.295790"
        },
        {
            "move_number": 42,
            "player": 2,
            "column": 6,
            "row": 0,
            "timestamp": "2025-02-22T00:14:25.295822"
        }
    ]
}