{
    "metadata": {
        "bot1": "HeuristicBot",
        "bot2": "MCTSBot",
        "game_number": 427,
        "ordering": "normal",
        "result": "MCTSBot"
    },
    "move_log": [
        {
            "move_number": 1,
            "player": 1,
            "column": 3,
            "row": 5,
            "timestamp": "2025-02-22T00:33:37.615370"
        },
        {
            "move_number": 2,
            "player": 2,
            "column": 3,
            "row": 4,
            "timestamp": "2025-02-22T00:33:39.615532"
        },
        {
            "move_number": 3,
            "player": 1,
            "column": 3,
            "row": 3,
            "timestamp": "2025-02-22T00:33:39.615654"
        },
        {
            "move_number": 4,
            "player": 2,
            "column": 1,
            "row": 5,
            "timestamp": "2025-02-22T00:33:41.615694"
        },
        {
            "move_number": 5,
            "player": 1,
            "column": 3,
            "row": 2,
            "timestamp": "2025-02-22T00:33:41.615815"
        },
        {
            "move_number": 6,
            "player": 2,
            "column": 1,
            "row": 4,
            "timestamp": "2025-02-22T00:33:43.615870"
        },
        {
            "move_number": 7,
            "player": 1,
            "column": 3,
            "row": 1,
            "timestamp": "2025-02-22T00:33:43.615987"
        },
        {
            "move_number": 8,
            "player": 2,
            "column": 3,
            "row": 0,
            "timestamp": "2025-02-22T00:33:45.616029"
        },
        {
            "move_number": 9,
            "player": 1,
            "column": 2,
            "row": 5,
            "timestamp": "2025-02-22T00:33:45.616162"
        },
        {
            "move_number": 10,
            "player": 2,
            "column": 2,
            "row": 4,
            "timestamp": "2025-02-22T00:33:47.616498"
        },
        {
            "move_number": 11,
            "player": 1,
            "column": 2,
            "row": 3,
            "timestamp": "2025-02-22T00:33:47.616635"
        },
        {
            "move_number": 12,
            "player": 2,
            "column": 1,
            "row": 3,
            "timestamp": "2025-02-22T00:33:49.616726"
        },
        {
            "move_number": 13,
            "player": 1,
            "column": 1,
            "row": 2,
            "timestamp": "2025-02-22T00:33:49.616800"
        },
        {
            "move_number": 14,
            "player": 2,
            "column": 5,
            "row": 5,
            "timestamp": "2025-02-22T00:33:51.616826"
        },
        {
            "move_number": 15,
            "player": 1,
            "column": 2,
            "row": 2,
            "timestamp": "2025-02-22T00:33:51.616938"
        },
        {
            "move_number": 16,
            "player": 2,
            "column": 2,
            "row": 1,
            "timestamp": "2025-02-22T00:33:53.617067"
        },
        {
            "move_number": 17,
            "player": 1,
            "column": 2,
            "row": 0,
            "timestamp": "2025-02-22T00:33:53.617194"
        },
        {
            "move_number": 18,
            "player": 2,
            "column": 1,
            "row": 1,
            "timestamp": "2025-02-22T00:33:55.617262"
        },
        {
            "move_number": 19,
            "player": 1,
            "column": 4,
            "row": 5,
            "timestamp": "2025-02-22T00:33:55.617381"
        },
        {
            "move_number": 20,
            "player": 2,
            "column": 4,
            "row": 4,
            "timestamp": "2025-02-22T00:33:57.617499"
        }
    ]
}