{
    "metadata": {
        "bot1": "HeuristicBot",
        "bot2": "MCTSBot",
        "game_number": 324,
        "ordering": "normal",
        "result": "MCTSBot"
    },
    "move_log": [
        {
            "move_number": 1,
            "player": 1,
            "column": 3,
            "row": 5,
            "timestamp": "2025-02-21T23:54:14.949960"
        },
        {
            "move_number": 2,
            "player": 2,
            "column": 3,
            "row": 4,
            "timestamp": "2025-02-21T23:54:16.950276"
        },
        {
            "move_number": 3,
            "player": 1,
            "column": 3,
            "row": 3,
            "timestamp": "2025-02-21T23:54:16.950412"
        },
        {
            "move_number": 4,
            "player": 2,
            "column": 4,
            "row": 5,
            "timestamp": "2025-02-21T23:54:18.950755"
        },
        {
            "move_number": 5,
            "player": 1,
            "column": 3,
            "row": 2,
            "timestamp": "2025-02-21T23:54:18.951006"
        },
        {
            "move_number": 6,
            "player": 2,
            "column": 4,
            "row": 4,
            "timestamp": "2025-02-21T23:54:20.951086"
        },
        {
            "move_number": 7,
            "player": 1,
            "column": 3,
            "row": 1,
            "timestamp": "2025-02-21T23:54:20.951200"
        },
        {
            "move_number": 8,
            "player": 2,
            "column": 3,
            "row": 0,
            "timestamp": "2025-02-21T23:54:22.951264"
        },
        {
            "move_number": 9,
            "player": 1,
            "column": 2,
            "row": 5,
            "timestamp": "2025-02-21T23:54:22.951366"
        },
        {
            "move_number": 10,
            "player": 2,
            "column": 2,
            "row": 4,
            "timestamp": "2025-02-21T23:54:24.951442"
        },
        {
            "move_number": 11,
            "player": 1,
            "column": 2,
            "row": 3,
            "timestamp": "2025-02-21T23:54:24.951567"
        },
        {
            "move_number": 12,
            "player": 2,
            "column": 0,
            "row": 5,
            "timestamp": "2025-02-21T23:54:26.951699"
        },
        {
            "move_number": 13,
            "player": 1,
            "column": 2,
            "row": 2,
            "timestamp": "2025-02-21T23:54:26.951845"
        },
        {
            "move_number": 14,
            "player": 2,
            "column": 4,
            "row": 3,
            "timestamp": "2025-02-21T23:54:28.952091"
        },
        {
            "move_number": 15,
            "player": 1,
            "column": 4,
            "row": 2,
            "timestamp": "2025-02-21T23:54:28.952191"
        },
        {
            "move_number": 16,
            "player": 2,
            "column": 2,
            "row": 1,
            "timestamp": "2025-02-21T23:54:30.952233"
        },
        {
            "move_number": 17,
            "player": 1,
            "column": 2,
            "row": 0,
            "timestamp": "2025-02-21T23:54:30.952356"
        },
        {
            "move_number": 18,
            "player": 2,
            "column": 4,
            "row": 1,
            "timestamp": "2025-02-21T23:54:32.952394"
        },
        {
            "move_number": 19,
            "player": 1,
            "column": 4,
            "row": 0,
            "timestamp": "2025-02-21T23:54:32.952508"
        },
        {
            "move_number": 20,
            "player": 2,
            "column": 0,
            "row": 4,
            "timestamp": "2025-02-21T23:54:34.952565"
        },
        {
            "move_number": 21,
            "player": 1,
            "column": 1,
            "row": 5,
            "timestamp": "2025-02-21T23:54:34.952660"
        },
        {
            "move_number": 22,
            "player": 2,
            "column": 0,
            "row": 3,
            "timestamp": "2025-02-21T23:54:36.952736"
        },
        {
            "move_number": 23,
            "player": 1,
            "column": 0,
            "row": 2,
            "timestamp": "2025-02-21T23:54:36.952803"
        },
        {
            "move_number": 24,
            "player": 2,
            "column": 1,
            "row": 4,
            "timestamp": "2025-02-21T23:54:38.952942"
        }
    ]
}