{
    "metadata": {
        "bot1": "HeuristicBot",
        "bot2": "MCTSBot",
        "game_number": 413,
        "ordering": "normal",
        "result": "MCTSBot"
    },
    "move_log": [
        {
            "move_number": 1,
            "player": 1,
            "column": 3,
            "row": 5,
            "timestamp": "2025-02-22T00:27:53.512387"
        },
        {
            "move_number": 2,
            "player": 2,
            "column": 4,
            "row": 5,
            "timestamp": "2025-02-22T00:27:55.512553"
        },
        {
            "move_number": 3,
            "player": 1,
            "column": 3,
            "row": 4,
            "timestamp": "2025-02-22T00:27:55.512679"
        },
        {
            "move_number": 4,
            "player": 2,
            "column": 3,
            "row": 3,
            "timestamp": "2025-02-22T00:27:57.512794"
        },
        {
            "move_number": 5,
            "player": 1,
            "column": 3,
            "row": 2,
            "timestamp": "2025-02-22T00:27:57.512914"
        },
        {
            "move_number": 6,
            "player": 2,
            "column": 4,
            "row": 4,
            "timestamp": "2025-02-22T00:27:59.513283"
        },
        {
            "move_number": 7,
            "player": 1,
            "column": 3,
            "row": 1,
            "timestamp": "2025-02-22T00:27:59.513571"
        },
        {
            "move_number": 8,
            "player": 2,
            "column": 4,
            "row": 3,
            "timestamp": "2025-02-22T00:28:01.513659"
        },
        {
            "move_number": 9,
            "player": 1,
            "column": 4,
            "row": 2,
            "timestamp": "2025-02-22T00:28:01.513763"
        },
        {
            "move_number": 10,
            "player": 2,
            "column": 2,
            "row": 5,
            "timestamp": "2025-02-22T00:28:03.513894"
        },
        {
            "move_number": 11,
            "player": 1,
            "column": 3,
            "row": 0,
            "timestamp": "2025-02-22T00:28:03.514021"
        },
        {
            "move_number": 12,
            "player": 2,
            "column": 2,
            "row": 4,
            "timestamp": "2025-02-22T00:28:05.514241"
        },
        {
            "move_number": 13,
            "player": 1,
            "column": 2,
            "row": 3,
            "timestamp": "2025-02-22T00:28:05.514361"
        },
        {
            "move_number": 14,
            "player": 2,
            "column": 2,
            "row": 2,
            "timestamp": "2025-02-22T00:28:07.514527"
        },
        {
            "move_number": 15,
            "player": 1,
            "column": 5,
            "row": 5,
            "timestamp": "2025-02-22T00:28:07.514638"
        },
        {
            "move_number": 16,
            "player": 2,
            "column": 4,
            "row": 1,
            "timestamp": "2025-02-22T00:28:09.514703"
        },
        {
            "move_number": 17,
            "player": 1,
            "column": 2,
            "row": 1,
            "timestamp": "2025-02-22T00:28:09.514839"
        },
        {
            "move_number": 18,
            "player": 2,
            "column": 0,
            "row": 5,
            "timestamp": "2025-02-22T00:28:11.515075"
        },
        {
            "move_number": 19,
            "player": 1,
            "column": 2,
            "row": 0,
            "timestamp": "2025-02-22T00:28:11.515201"
        },
        {
            "move_number": 20,
            "player": 2,
            "column": 6,
            "row": 5,
            "timestamp": "2025-02-22T00:28:13.515260"
        },
        {
            "move_number": 21,
            "player": 1,
            "column": 4,
            "row": 0,
            "timestamp": "2025-02-22T00:28:13.515374"
        },
        {
            "move_number": 22,
            "player": 2,
            "column": 1,
            "row": 5,
            "timestamp": "2025-02-22T00:28:15.515485"
        },
        {
            "move_number": 23,
            "player": 1,
            "column": 1,
            "row": 4,
            "timestamp": "2025-02-22T00:28:15.515580"
        },
        {
            "move_number": 24,
            "player": 2,
            "column": 1,
            "row": 3,
            "timestamp": "2025-02-22T00:28:17.515615"
        },
        {
            "move_number": 25,
            "player": 1,
            "column": 1,
            "row": 2,
            "timestamp": "2025-02-22T00:28:17.515716"
        },
        {
            "move_number": 26,
            "player": 2,
            "column": 1,
            "row": 1,
            "timestamp": "2025-02-22T00:28:19.515886"
        }
    ]
}