{
    "metadata": {
        "bot1": "MCTSBot",
        "bot2": "HeuristicBot",
        "game_number": 503,
        "ordering": "reversed",
        "result": "MCTSBot"
    },
    "move_log": [
        {
            "move_number": 1,
            "player": 1,
            "column": 3,
            "row": 5,
            "timestamp": "2025-02-22T01:02:58.072135"
        },
        {
            "move_number": 2,
            "player": 2,
            "column": 3,
            "row": 4,
            "timestamp": "2025-02-22T01:02:58.072272"
        },
        {
            "move_number": 3,
            "player": 1,
            "column": 4,
            "row": 5,
            "timestamp": "2025-02-22T01:03:00.072442"
        },
        {
            "move_number": 4,
            "player": 2,
            "column": 3,
            "row": 3,
            "timestamp": "2025-02-22T01:03:00.072643"
        },
        {
            "move_number": 5,
            "player": 1,
            "column": 5,
            "row": 5,
            "timestamp": "2025-02-22T01:03:02.072914"
        },
        {
            "move_number": 6,
            "player": 2,
            "column": 2,
            "row": 5,
            "timestamp": "2025-02-22T01:03:02.073008"
        },
        {
            "move_number": 7,
            "player": 1,
            "column": 6,
            "row": 5,
            "timestamp": "2025-02-22T01:03:04.073057"
        }
    ]
}