{
    "metadata": {
        "bot1": "HeuristicBot",
        "bot2": "MCTSBot",
        "game_number": 225,
        "ordering": "normal",
        "result": "HeuristicBot"
    },
    "move_log": [
        {
            "move_number": 1,
            "player": 1,
            "column": 3,
            "row": 5,
            "timestamp": "2025-02-21T23:17:56.256780"
        },
        {
            "move_number": 2,
            "player": 2,
            "column": 4,
            "row": 5,
            "timestamp": "2025-02-21T23:17:58.256848"
        },
        {
            "move_number": 3,
            "player": 1,
            "column": 3,
            "row": 4,
            "timestamp": "2025-02-21T23:17:58.256973"
        },
        {
            "move_number": 4,
            "player": 2,
            "column": 3,
            "row": 3,
            "timestamp": "2025-02-21T23:18:00.257024"
        },
        {
            "move_number": 5,
            "player": 1,
            "column": 3,
            "row": 2,
            "timestamp": "2025-02-21T23:18:00.257144"
        },
        {
            "move_number": 6,
            "player": 2,
            "column": 4,
            "row": 4,
            "timestamp": "2025-02-21T23:18:02.257409"
        },
        {
            "move_number": 7,
            "player": 1,
            "column": 3,
            "row": 1,
            "timestamp": "2025-02-21T23:18:02.257539"
        },
        {
            "move_number": 8,
            "player": 2,
            "column": 4,
            "row": 3,
            "timestamp": "2025-02-21T23:18:04.257634"
        },
        {
            "move_number": 9,
            "player": 1,
            "column": 4,
            "row": 2,
            "timestamp": "2025-02-21T23:18:04.257744"
        },
        {
            "move_number": 10,
            "player": 2,
            "column": 2,
            "row": 5,
            "timestamp": "2025-02-21T23:18:06.257946"
        },
        {
            "move_number": 11,
            "player": 1,
            "column": 3,
            "row": 0,
            "timestamp": "2025-02-21T23:18:06.258077"
        },
        {
            "move_number": 12,
            "player": 2,
            "column": 5,
            "row": 5,
            "timestamp": "2025-02-21T23:18:08.258236"
        },
        {
            "move_number": 13,
            "player": 1,
            "column": 2,
            "row": 4,
            "timestamp": "2025-02-21T23:18:08.258361"
        },
        {
            "move_number": 14,
            "player": 2,
            "column": 2,
            "row": 3,
            "timestamp": "2025-02-21T23:18:10.258485"
        },
        {
            "move_number": 15,
            "player": 1,
            "column": 2,
            "row": 2,
            "timestamp": "2025-02-21T23:18:10.258598"
        },
        {
            "move_number": 16,
            "player": 2,
            "column": 1,
            "row": 5,
            "timestamp": "2025-02-21T23:18:12.258652"
        },
        {
            "move_number": 17,
            "player": 1,
            "column": 2,
            "row": 1,
            "timestamp": "2025-02-21T23:18:12.258775"
        },
        {
            "move_number": 18,
            "player": 2,
            "column": 1,
            "row": 4,
            "timestamp": "2025-02-21T23:18:14.259141"
        },
        {
            "move_number": 19,
            "player": 1,
            "column": 1,
            "row": 3,
            "timestamp": "2025-02-21T23:18:14.259602"
        },
        {
            "move_number": 20,
            "player": 2,
            "column": 1,
            "row": 2,
            "timestamp": "2025-02-21T23:18:16.259786"
        },
        {
            "move_number": 21,
            "player": 1,
            "column": 2,
            "row": 0,
            "timestamp": "2025-02-21T23:18:16.259919"
        },
        {
            "move_number": 22,
            "player": 2,
            "column": 5,
            "row": 4,
            "timestamp": "2025-02-21T23:18:18.259982"
        },
        {
            "move_number": 23,
            "player": 1,
            "column": 5,
            "row": 3,
            "timestamp": "2025-02-21T23:18:18.260055"
        }
    ]
}