{
    "metadata": {
        "bot1": "HeuristicBot",
        "bot2": "MCTSBot",
        "game_number": 51,
        "ordering": "normal",
        "result": "MCTSBot"
    },
    "move_log": [
        {
            "move_number": 1,
            "player": 1,
            "column": 3,
            "row": 5,
            "timestamp": "2025-02-21T22:11:41.075920"
        },
        {
            "move_number": 2,
            "player": 2,
            "column": 2,
            "row": 5,
            "timestamp": "2025-02-21T22:11:43.076027"
        },
        {
            "move_number": 3,
            "player": 1,
            "column": 3,
            "row": 4,
            "timestamp": "2025-02-21T22:11:43.076167"
        },
        {
            "move_number": 4,
            "player": 2,
            "column": 3,
            "row": 3,
            "timestamp": "2025-02-21T22:11:45.076286"
        },
        {
            "move_number": 5,
            "player": 1,
            "column": 3,
            "row": 2,
            "timestamp": "2025-02-21T22:11:45.076455"
        },
        {
            "move_number": 6,
            "player": 2,
            "column": 2,
            "row": 4,
            "timestamp": "2025-02-21T22:11:47.076558"
        },
        {
            "move_number": 7,
            "player": 1,
            "column": 3,
            "row": 1,
            "timestamp": "2025-02-21T22:11:47.076674"
        },
        {
            "move_number": 8,
            "player": 2,
            "column": 2,
            "row": 3,
            "timestamp": "2025-02-21T22:11:49.076752"
        },
        {
            "move_number": 9,
            "player": 1,
            "column": 2,
            "row": 2,
            "timestamp": "2025-02-21T22:11:49.076899"
        },
        {
            "move_number": 10,
            "player": 2,
            "column": 6,
            "row": 5,
            "timestamp": "2025-02-21T22:11:51.077026"
        },
        {
            "move_number": 11,
            "player": 1,
            "column": 3,
            "row": 0,
            "timestamp": "2025-02-21T22:11:51.077175"
        },
        {
            "move_number": 12,
            "player": 2,
            "column": 6,
            "row": 4,
            "timestamp": "2025-02-21T22:11:53.077284"
        },
        {
            "move_number": 13,
            "player": 1,
            "column": 2,
            "row": 1,
            "timestamp": "2025-02-21T22:11:53.077426"
        },
        {
            "move_number": 14,
            "player": 2,
            "column": 6,
            "row": 3,
            "timestamp": "2025-02-21T22:11:55.077551"
        },
        {
            "move_number": 15,
            "player": 1,
            "column": 6,
            "row": 2,
            "timestamp": "2025-02-21T22:11:55.077690"
        },
        {
            "move_number": 16,
            "player": 2,
            "column": 1,
            "row": 5,
            "timestamp": "2025-02-21T22:11:57.077873"
        },
        {
            "move_number": 17,
            "player": 1,
            "column": 2,
            "row": 0,
            "timestamp": "2025-02-21T22:11:57.078026"
        },
        {
            "move_number": 18,
            "player": 2,
            "column": 4,
            "row": 5,
            "timestamp": "2025-02-21T22:11:59.078118"
        },
        {
            "move_number": 19,
            "player": 1,
            "column": 4,
            "row": 4,
            "timestamp": "2025-02-21T22:11:59.078274"
        },
        {
            "move_number": 20,
            "player": 2,
            "column": 4,
            "row": 3,
            "timestamp": "2025-02-21T22:12:01.078367"
        },
        {
            "move_number": 21,
            "player": 1,
            "column": 4,
            "row": 2,
            "timestamp": "2025-02-21T22:12:01.078503"
        },
        {
            "move_number": 22,
            "player": 2,
            "column": 5,
            "row": 5,
            "timestamp": "2025-02-21T22:12:03.078614"
        },
        {
            "move_number": 23,
            "player": 1,
            "column": 4,
            "row": 1,
            "timestamp": "2025-02-21T22:12:03.078778"
        },
        {
            "move_number": 24,
            "player": 2,
            "column": 4,
            "row": 0,
            "timestamp": "2025-02-21T22:12:05.078933"
        },
        {
            "move_number": 25,
            "player": 1,
            "column": 1,
            "row": 4,
            "timestamp": "2025-02-21T22:12:05.079174"
        },
        {
            "move_number": 26,
            "player": 2,
            "column": 1,
            "row": 3,
            "timestamp": "2025-02-21T22:12:07.079223"
        }
    ]
}