{
    "metadata": {
        "bot1": "HeuristicBot",
        "bot2": "MCTSBot",
        "game_number": 58,
        "ordering": "normal",
        "result": "MCTSBot"
    },
    "move_log": [
        {
            "move_number": 1,
            "player": 1,
            "column": 3,
            "row": 5,
            "timestamp": "2025-02-21T22:14:33.140083"
        },
        {
            "move_number": 2,
            "player": 2,
            "column": 4,
            "row": 5,
            "timestamp": "2025-02-21T22:14:35.140184"
        },
        {
            "move_number": 3,
            "player": 1,
            "column": 3,
            "row": 4,
            "timestamp": "2025-02-21T22:14:35.140301"
        },
        {
            "move_number": 4,
            "player": 2,
            "column": 3,
            "row": 3,
            "timestamp": "2025-02-21T22:14:37.140348"
        },
        {
            "move_number": 5,
            "player": 1,
            "column": 3,
            "row": 2,
            "timestamp": "2025-02-21T22:14:37.140469"
        },
        {
            "move_number": 6,
            "player": 2,
            "column": 4,
            "row": 4,
            "timestamp": "2025-02-21T22:14:39.140593"
        },
        {
            "move_number": 7,
            "player": 1,
            "column": 3,
            "row": 1,
            "timestamp": "2025-02-21T22:14:39.140713"
        },
        {
            "move_number": 8,
            "player": 2,
            "column": 4,
            "row": 3,
            "timestamp": "2025-02-21T22:14:41.140793"
        },
        {
            "move_number": 9,
            "player": 1,
            "column": 4,
            "row": 2,
            "timestamp": "2025-02-21T22:14:41.140906"
        },
        {
            "move_number": 10,
            "player": 2,
            "column": 0,
            "row": 5,
            "timestamp": "2025-02-21T22:14:43.140995"
        },
        {
            "move_number": 11,
            "player": 1,
            "column": 3,
            "row": 0,
            "timestamp": "2025-02-21T22:14:43.141119"
        },
        {
            "move_number": 12,
            "player": 2,
            "column": 0,
            "row": 4,
            "timestamp": "2025-02-21T22:14:45.141374"
        },
        {
            "move_number": 13,
            "player": 1,
            "column": 2,
            "row": 5,
            "timestamp": "2025-02-21T22:14:45.141492"
        },
        {
            "move_number": 14,
            "player": 2,
            "column": 0,
            "row": 3,
            "timestamp": "2025-02-21T22:14:47.141781"
        },
        {
            "move_number": 15,
            "player": 1,
            "column": 0,
            "row": 2,
            "timestamp": "2025-02-21T22:14:47.141865"
        },
        {
            "move_number": 16,
            "player": 2,
            "column": 5,
            "row": 5,
            "timestamp": "2025-02-21T22:14:49.142022"
        },
        {
            "move_number": 17,
            "player": 1,
            "column": 2,
            "row": 4,
            "timestamp": "2025-02-21T22:14:49.142308"
        },
        {
            "move_number": 18,
            "player": 2,
            "column": 2,
            "row": 3,
            "timestamp": "2025-02-21T22:14:51.142384"
        },
        {
            "move_number": 19,
            "player": 1,
            "column": 2,
            "row": 2,
            "timestamp": "2025-02-21T22:14:51.142481"
        },
        {
            "move_number": 20,
            "player": 2,
            "column": 0,
            "row": 1,
            "timestamp": "2025-02-21T22:14:53.142556"
        },
        {
            "move_number": 21,
            "player": 1,
            "column": 2,
            "row": 1,
            "timestamp": "2025-02-21T22:14:53.142683"
        },
        {
            "move_number": 22,
            "player": 2,
            "column": 2,
            "row": 0,
            "timestamp": "2025-02-21T22:14:55.142726"
        },
        {
            "move_number": 23,
            "player": 1,
            "column": 4,
            "row": 1,
            "timestamp": "2025-02-21T22:14:55.142840"
        },
        {
            "move_number": 24,
            "player": 2,
            "column": 0,
            "row": 0,
            "timestamp": "2025-02-21T22:14:57.142872"
        },
        {
            "move_number": 25,
            "player": 1,
            "column": 4,
            "row": 0,
            "timestamp": "2025-02-21T22:14:57.142984"
        },
        {
            "move_number": 26,
            "player": 2,
            "column": 1,
            "row": 5,
            "timestamp": "2025-02-21T22:14:59.143027"
        },
        {
            "move_number": 27,
            "player": 1,
            "column": 1,
            "row": 4,
            "timestamp": "2025-02-21T22:14:59.143111"
        },
        {
            "move_number": 28,
            "player": 2,
            "column": 1,
            "row": 3,
            "timestamp": "2025-02-21T22:15:01.143165"
        }
    ]
}