{
    "metadata": {
        "bot1": "HeuristicBot",
        "bot2": "MCTSBot",
        "game_number": 329,
        "ordering": "normal",
        "result": "MCTSBot"
    },
    "move_log": [
        {
            "move_number": 1,
            "player": 1,
            "column": 3,
            "row": 5,
            "timestamp": "2025-02-21T23:56:14.998482"
        },
        {
            "move_number": 2,
            "player": 2,
            "column": 3,
            "row": 4,
            "timestamp": "2025-02-21T23:56:16.998524"
        },
        {
            "move_number": 3,
            "player": 1,
            "column": 3,
            "row": 3,
            "timestamp": "2025-02-21T23:56:16.998650"
        },
        {
            "move_number": 4,
            "player": 2,
            "column": 4,
            "row": 5,
            "timestamp": "2025-02-21T23:56:18.998702"
        },
        {
            "move_number": 5,
            "player": 1,
            "column": 3,
            "row": 2,
            "timestamp": "2025-02-21T23:56:18.998815"
        },
        {
            "move_number": 6,
            "player": 2,
            "column": 4,
            "row": 4,
            "timestamp": "2025-02-21T23:56:20.998946"
        },
        {
            "move_number": 7,
            "player": 1,
            "column": 3,
            "row": 1,
            "timestamp": "2025-02-21T23:56:20.999065"
        },
        {
            "move_number": 8,
            "player": 2,
            "column": 3,
            "row": 0,
            "timestamp": "2025-02-21T23:56:22.999140"
        },
        {
            "move_number": 9,
            "player": 1,
            "column": 2,
            "row": 5,
            "timestamp": "2025-02-21T23:56:22.999271"
        },
        {
            "move_number": 10,
            "player": 2,
            "column": 2,
            "row": 4,
            "timestamp": "2025-02-21T23:56:24.999343"
        },
        {
            "move_number": 11,
            "player": 1,
            "column": 2,
            "row": 3,
            "timestamp": "2025-02-21T23:56:24.999544"
        },
        {
            "move_number": 12,
            "player": 2,
            "column": 0,
            "row": 5,
            "timestamp": "2025-02-21T23:56:26.999661"
        },
        {
            "move_number": 13,
            "player": 1,
            "column": 2,
            "row": 2,
            "timestamp": "2025-02-21T23:56:26.999777"
        },
        {
            "move_number": 14,
            "player": 2,
            "column": 4,
            "row": 3,
            "timestamp": "2025-02-21T23:56:28.999810"
        },
        {
            "move_number": 15,
            "player": 1,
            "column": 4,
            "row": 2,
            "timestamp": "2025-02-21T23:56:28.999911"
        },
        {
            "move_number": 16,
            "player": 2,
            "column": 4,
            "row": 1,
            "timestamp": "2025-02-21T23:56:30.999983"
        },
        {
            "move_number": 17,
            "player": 1,
            "column": 2,
            "row": 1,
            "timestamp": "2025-02-21T23:56:31.000105"
        },
        {
            "move_number": 18,
            "player": 2,
            "column": 2,
            "row": 0,
            "timestamp": "2025-02-21T23:56:33.000169"
        },
        {
            "move_number": 19,
            "player": 1,
            "column": 4,
            "row": 0,
            "timestamp": "2025-02-21T23:56:33.000290"
        },
        {
            "move_number": 20,
            "player": 2,
            "column": 0,
            "row": 4,
            "timestamp": "2025-02-21T23:56:35.000338"
        },
        {
            "move_number": 21,
            "player": 1,
            "column": 1,
            "row": 5,
            "timestamp": "2025-02-21T23:56:35.000445"
        },
        {
            "move_number": 22,
            "player": 2,
            "column": 0,
            "row": 3,
            "timestamp": "2025-02-21T23:56:37.000505"
        },
        {
            "move_number": 23,
            "player": 1,
            "column": 0,
            "row": 2,
            "timestamp": "2025-02-21T23:56:37.000576"
        },
        {
            "move_number": 24,
            "player": 2,
            "column": 1,
            "row": 4,
            "timestamp": "2025-02-21T23:56:39.000762"
        }
    ]
}