{
    "metadata": {
        "bot1": "HeuristicBot",
        "bot2": "MCTSBot",
        "game_number": 144,
        "ordering": "normal",
        "result": "MCTSBot"
    },
    "move_log": [
        {
            "move_number": 1,
            "player": 1,
            "column": 3,
            "row": 5,
            "timestamp": "2025-02-21T22:46:57.665797"
        },
        {
            "move_number": 2,
            "player": 2,
            "column": 4,
            "row": 5,
            "timestamp": "2025-02-21T22:46:59.665877"
        },
        {
            "move_number": 3,
            "player": 1,
            "column": 3,
            "row": 4,
            "timestamp": "2025-02-21T22:46:59.666016"
        },
        {
            "move_number": 4,
            "player": 2,
            "column": 3,
            "row": 3,
            "timestamp": "2025-02-21T22:47:01.666127"
        },
        {
            "move_number": 5,
            "player": 1,
            "column": 3,
            "row": 2,
            "timestamp": "2025-02-21T22:47:01.666254"
        },
        {
            "move_number": 6,
            "player": 2,
            "column": 4,
            "row": 4,
            "timestamp": "2025-02-21T22:47:03.666528"
        },
        {
            "move_number": 7,
            "player": 1,
            "column": 3,
            "row": 1,
            "timestamp": "2025-02-21T22:47:03.666668"
        },
        {
            "move_number": 8,
            "player": 2,
            "column": 4,
            "row": 3,
            "timestamp": "2025-02-21T22:47:05.666925"
        },
        {
            "move_number": 9,
            "player": 1,
            "column": 4,
            "row": 2,
            "timestamp": "2025-02-21T22:47:05.667183"
        },
        {
            "move_number": 10,
            "player": 2,
            "column": 0,
            "row": 5,
            "timestamp": "2025-02-21T22:47:07.667280"
        },
        {
            "move_number": 11,
            "player": 1,
            "column": 3,
            "row": 0,
            "timestamp": "2025-02-21T22:47:07.667416"
        },
        {
            "move_number": 12,
            "player": 2,
            "column": 0,
            "row": 4,
            "timestamp": "2025-02-21T22:47:09.667472"
        },
        {
            "move_number": 13,
            "player": 1,
            "column": 2,
            "row": 5,
            "timestamp": "2025-02-21T22:47:09.667611"
        },
        {
            "move_number": 14,
            "player": 2,
            "column": 0,
            "row": 3,
            "timestamp": "2025-02-21T22:47:11.667671"
        },
        {
            "move_number": 15,
            "player": 1,
            "column": 0,
            "row": 2,
            "timestamp": "2025-02-21T22:47:11.667758"
        },
        {
            "move_number": 16,
            "player": 2,
            "column": 5,
            "row": 5,
            "timestamp": "2025-02-21T22:47:13.667900"
        },
        {
            "move_number": 17,
            "player": 1,
            "column": 2,
            "row": 4,
            "timestamp": "2025-02-21T22:47:13.668032"
        },
        {
            "move_number": 18,
            "player": 2,
            "column": 2,
            "row": 3,
            "timestamp": "2025-02-21T22:47:15.668130"
        },
        {
            "move_number": 19,
            "player": 1,
            "column": 2,
            "row": 2,
            "timestamp": "2025-02-21T22:47:15.668245"
        },
        {
            "move_number": 20,
            "player": 2,
            "column": 6,
            "row": 5,
            "timestamp": "2025-02-21T22:47:17.668365"
        },
        {
            "move_number": 21,
            "player": 1,
            "column": 2,
            "row": 1,
            "timestamp": "2025-02-21T22:47:17.668501"
        },
        {
            "move_number": 22,
            "player": 2,
            "column": 6,
            "row": 4,
            "timestamp": "2025-02-21T22:47:19.668692"
        },
        {
            "move_number": 23,
            "player": 1,
            "column": 2,
            "row": 0,
            "timestamp": "2025-02-21T22:47:19.669035"
        },
        {
            "move_number": 24,
            "player": 2,
            "column": 6,
            "row": 3,
            "timestamp": "2025-02-21T22:47:21.669214"
        },
        {
            "move_number": 25,
            "player": 1,
            "column": 6,
            "row": 2,
            "timestamp": "2025-02-21T22:47:21.669475"
        },
        {
            "move_number": 26,
            "player": 2,
            "column": 1,
            "row": 5,
            "timestamp": "2025-02-21T22:47:23.669536"
        },
        {
            "move_number": 27,
            "player": 1,
            "column": 4,
            "row": 1,
            "timestamp": "2025-02-21T22:47:23.669662"
        },
        {
            "move_number": 28,
            "player": 2,
            "column": 4,
            "row": 0,
            "timestamp": "2025-02-21T22:47:25.669861"
        },
        {
            "move_number": 29,
            "player": 1,
            "column": 1,
            "row": 4,
            "timestamp": "2025-02-21T22:47:25.670127"
        },
        {
            "move_number": 30,
            "player": 2,
            "column": 1,
            "row": 3,
            "timestamp": "2025-02-21T22:47:27.670188"
        }
    ]
}