{
    "metadata": {
        "bot1": "HeuristicBot",
        "bot2": "MCTSBot",
        "game_number": 61,
        "ordering": "normal",
        "result": "MCTSBot"
    },
    "move_log": [
        {
            "move_number": 1,
            "player": 1,
            "column": 3,
            "row": 5,
            "timestamp": "2025-02-21T22:15:53.179322"
        },
        {
            "move_number": 2,
            "player": 2,
            "column": 2,
            "row": 5,
            "timestamp": "2025-02-21T22:15:55.179525"
        },
        {
            "move_number": 3,
            "player": 1,
            "column": 3,
            "row": 4,
            "timestamp": "2025-02-21T22:15:55.179659"
        },
        {
            "move_number": 4,
            "player": 2,
            "column": 3,
            "row": 3,
            "timestamp": "2025-02-21T22:15:57.179698"
        },
        {
            "move_number": 5,
            "player": 1,
            "column": 3,
            "row": 2,
            "timestamp": "2025-02-21T22:15:57.179827"
        },
        {
            "move_number": 6,
            "player": 2,
            "column": 2,
            "row": 4,
            "timestamp": "2025-02-21T22:15:59.179932"
        },
        {
            "move_number": 7,
            "player": 1,
            "column": 3,
            "row": 1,
            "timestamp": "2025-02-21T22:15:59.180080"
        },
        {
            "move_number": 8,
            "player": 2,
            "column": 2,
            "row": 3,
            "timestamp": "2025-02-21T22:16:01.180132"
        },
        {
            "move_number": 9,
            "player": 1,
            "column": 2,
            "row": 2,
            "timestamp": "2025-02-21T22:16:01.180366"
        },
        {
            "move_number": 10,
            "player": 2,
            "column": 4,
            "row": 5,
            "timestamp": "2025-02-21T22:16:03.180495"
        },
        {
            "move_number": 11,
            "player": 1,
            "column": 3,
            "row": 0,
            "timestamp": "2025-02-21T22:16:03.180638"
        },
        {
            "move_number": 12,
            "player": 2,
            "column": 4,
            "row": 4,
            "timestamp": "2025-02-21T22:16:05.180760"
        },
        {
            "move_number": 13,
            "player": 1,
            "column": 2,
            "row": 1,
            "timestamp": "2025-02-21T22:16:05.180890"
        },
        {
            "move_number": 14,
            "player": 2,
            "column": 4,
            "row": 3,
            "timestamp": "2025-02-21T22:16:07.181030"
        },
        {
            "move_number": 15,
            "player": 1,
            "column": 4,
            "row": 2,
            "timestamp": "2025-02-21T22:16:07.181310"
        },
        {
            "move_number": 16,
            "player": 2,
            "column": 5,
            "row": 5,
            "timestamp": "2025-02-21T22:16:09.181563"
        },
        {
            "move_number": 17,
            "player": 1,
            "column": 2,
            "row": 0,
            "timestamp": "2025-02-21T22:16:09.181706"
        },
        {
            "move_number": 18,
            "player": 2,
            "column": 6,
            "row": 5,
            "timestamp": "2025-02-21T22:16:11.181894"
        },
        {
            "move_number": 19,
            "player": 1,
            "column": 4,
            "row": 1,
            "timestamp": "2025-02-21T22:16:11.182151"
        },
        {
            "move_number": 20,
            "player": 2,
            "column": 6,
            "row": 4,
            "timestamp": "2025-02-21T22:16:13.182308"
        },
        {
            "move_number": 21,
            "player": 1,
            "column": 4,
            "row": 0,
            "timestamp": "2025-02-21T22:16:13.182486"
        },
        {
            "move_number": 22,
            "player": 2,
            "column": 6,
            "row": 3,
            "timestamp": "2025-02-21T22:16:15.182595"
        },
        {
            "move_number": 23,
            "player": 1,
            "column": 6,
            "row": 2,
            "timestamp": "2025-02-21T22:16:15.182694"
        },
        {
            "move_number": 24,
            "player": 2,
            "column": 1,
            "row": 5,
            "timestamp": "2025-02-21T22:16:17.182754"
        },
        {
            "move_number": 25,
            "player": 1,
            "column": 1,
            "row": 4,
            "timestamp": "2025-02-21T22:16:17.182863"
        },
        {
            "move_number": 26,
            "player": 2,
            "column": 1,
            "row": 3,
            "timestamp": "2025-02-21T22:16:19.182956"
        }
    ]
}