{
    "metadata": {
        "bot1": "HeuristicBot",
        "bot2": "MCTSBot",
        "game_number": 478,
        "ordering": "normal",
        "result": "MCTSBot"
    },
    "move_log": [
        {
            "move_number": 1,
            "player": 1,
            "column": 3,
            "row": 5,
            "timestamp": "2025-02-22T00:53:35.932387"
        },
        {
            "move_number": 2,
            "player": 2,
            "column": 4,
            "row": 5,
            "timestamp": "2025-02-22T00:53:37.932536"
        },
        {
            "move_number": 3,
            "player": 1,
            "column": 3,
            "row": 4,
            "timestamp": "2025-02-22T00:53:37.932660"
        },
        {
            "move_number": 4,
            "player": 2,
            "column": 3,
            "row": 3,
            "timestamp": "2025-02-22T00:53:39.932750"
        },
        {
            "move_number": 5,
            "player": 1,
            "column": 3,
            "row": 2,
            "timestamp": "2025-02-22T00:53:39.932874"
        },
        {
            "move_number": 6,
            "player": 2,
            "column": 4,
            "row": 4,
            "timestamp": "2025-02-22T00:53:41.933230"
        },
        {
            "move_number": 7,
            "player": 1,
            "column": 3,
            "row": 1,
            "timestamp": "2025-02-22T00:53:41.933370"
        },
        {
            "move_number": 8,
            "player": 2,
            "column": 4,
            "row": 3,
            "timestamp": "2025-02-22T00:53:43.933428"
        },
        {
            "move_number": 9,
            "player": 1,
            "column": 4,
            "row": 2,
            "timestamp": "2025-02-22T00:53:43.933521"
        },
        {
            "move_number": 10,
            "player": 2,
            "column": 0,
            "row": 5,
            "timestamp": "2025-02-22T00:53:45.933671"
        },
        {
            "move_number": 11,
            "player": 1,
            "column": 3,
            "row": 0,
            "timestamp": "2025-02-22T00:53:45.933821"
        },
        {
            "move_number": 12,
            "player": 2,
            "column": 0,
            "row": 4,
            "timestamp": "2025-02-22T00:53:47.933909"
        },
        {
            "move_number": 13,
            "player": 1,
            "column": 2,
            "row": 5,
            "timestamp": "2025-02-22T00:53:47.934219"
        },
        {
            "move_number": 14,
            "player": 2,
            "column": 0,
            "row": 3,
            "timestamp": "2025-02-22T00:53:49.934505"
        },
        {
            "move_number": 15,
            "player": 1,
            "column": 0,
            "row": 2,
            "timestamp": "2025-02-22T00:53:49.934794"
        },
        {
            "move_number": 16,
            "player": 2,
            "column": 5,
            "row": 5,
            "timestamp": "2025-02-22T00:53:51.934910"
        },
        {
            "move_number": 17,
            "player": 1,
            "column": 2,
            "row": 4,
            "timestamp": "2025-02-22T00:53:51.935037"
        },
        {
            "move_number": 18,
            "player": 2,
            "column": 2,
            "row": 3,
            "timestamp": "2025-02-22T00:53:53.935090"
        },
        {
            "move_number": 19,
            "player": 1,
            "column": 2,
            "row": 2,
            "timestamp": "2025-02-22T00:53:53.935199"
        },
        {
            "move_number": 20,
            "player": 2,
            "column": 4,
            "row": 1,
            "timestamp": "2025-02-22T00:53:55.935335"
        },
        {
            "move_number": 21,
            "player": 1,
            "column": 2,
            "row": 1,
            "timestamp": "2025-02-22T00:53:55.935467"
        },
        {
            "move_number": 22,
            "player": 2,
            "column": 2,
            "row": 0,
            "timestamp": "2025-02-22T00:53:57.935504"
        },
        {
            "move_number": 23,
            "player": 1,
            "column": 4,
            "row": 0,
            "timestamp": "2025-02-22T00:53:57.935619"
        },
        {
            "move_number": 24,
            "player": 2,
            "column": 1,
            "row": 5,
            "timestamp": "2025-02-22T00:53:59.935656"
        },
        {
            "move_number": 25,
            "player": 1,
            "column": 1,
            "row": 4,
            "timestamp": "2025-02-22T00:53:59.935760"
        },
        {
            "move_number": 26,
            "player": 2,
            "column": 1,
            "row": 3,
            "timestamp": "2025-02-22T00:54:01.935810"
        }
    ]
}