{
    "metadata": {
        "bot1": "HeuristicBot",
        "bot2": "MCTSBot",
        "game_number": 163,
        "ordering": "normal",
        "result": "MCTSBot"
    },
    "move_log": [
        {
            "move_number": 1,
            "player": 1,
            "column": 3,
            "row": 5,
            "timestamp": "2025-02-21T22:54:23.795489"
        },
        {
            "move_number": 2,
            "player": 2,
            "column": 4,
            "row": 5,
            "timestamp": "2025-02-21T22:54:25.795640"
        },
        {
            "move_number": 3,
            "player": 1,
            "column": 3,
            "row": 4,
            "timestamp": "2025-02-21T22:54:25.795769"
        },
        {
            "move_number": 4,
            "player": 2,
            "column": 3,
            "row": 3,
            "timestamp": "2025-02-21T22:54:27.796344"
        },
        {
            "move_number": 5,
            "player": 1,
            "column": 3,
            "row": 2,
            "timestamp": "2025-02-21T22:54:27.796842"
        },
        {
            "move_number": 6,
            "player": 2,
            "column": 4,
            "row": 4,
            "timestamp": "2025-02-21T22:54:29.796999"
        },
        {
            "move_number": 7,
            "player": 1,
            "column": 3,
            "row": 1,
            "timestamp": "2025-02-21T22:54:29.797188"
        },
        {
            "move_number": 8,
            "player": 2,
            "column": 4,
            "row": 3,
            "timestamp": "2025-02-21T22:54:31.797245"
        },
        {
            "move_number": 9,
            "player": 1,
            "column": 4,
            "row": 2,
            "timestamp": "2025-02-21T22:54:31.797403"
        },
        {
            "move_number": 10,
            "player": 2,
            "column": 1,
            "row": 5,
            "timestamp": "2025-02-21T22:54:33.797758"
        },
        {
            "move_number": 11,
            "player": 1,
            "column": 3,
            "row": 0,
            "timestamp": "2025-02-21T22:54:33.797898"
        },
        {
            "move_number": 12,
            "player": 2,
            "column": 1,
            "row": 4,
            "timestamp": "2025-02-21T22:54:35.798038"
        },
        {
            "move_number": 13,
            "player": 1,
            "column": 2,
            "row": 5,
            "timestamp": "2025-02-21T22:54:35.798165"
        },
        {
            "move_number": 14,
            "player": 2,
            "column": 1,
            "row": 3,
            "timestamp": "2025-02-21T22:54:37.798322"
        },
        {
            "move_number": 15,
            "player": 1,
            "column": 1,
            "row": 2,
            "timestamp": "2025-02-21T22:54:37.798419"
        },
        {
            "move_number": 16,
            "player": 2,
            "column": 1,
            "row": 1,
            "timestamp": "2025-02-21T22:54:39.798480"
        },
        {
            "move_number": 17,
            "player": 1,
            "column": 2,
            "row": 4,
            "timestamp": "2025-02-21T22:54:39.798611"
        },
        {
            "move_number": 18,
            "player": 2,
            "column": 2,
            "row": 3,
            "timestamp": "2025-02-21T22:54:41.798768"
        }
    ]
}