{
    "metadata": {
        "bot1": "HeuristicBot",
        "bot2": "MCTSBot",
        "game_number": 188,
        "ordering": "normal",
        "result": "HeuristicBot"
    },
    "move_log": [
        {
            "move_number": 1,
            "player": 1,
            "column": 3,
            "row": 5,
            "timestamp": "2025-02-21T23:04:03.976821"
        },
        {
            "move_number": 2,
            "player": 2,
            "column": 4,
            "row": 5,
            "timestamp": "2025-02-21T23:04:05.977051"
        },
        {
            "move_number": 3,
            "player": 1,
            "column": 3,
            "row": 4,
            "timestamp": "2025-02-21T23:04:05.977168"
        },
        {
            "move_number": 4,
            "player": 2,
            "column": 4,
            "row": 4,
            "timestamp": "2025-02-21T23:04:07.977294"
        },
        {
            "move_number": 5,
            "player": 1,
            "column": 3,
            "row": 3,
            "timestamp": "2025-02-21T23:04:07.977409"
        },
        {
            "move_number": 6,
            "player": 2,
            "column": 4,
            "row": 3,
            "timestamp": "2025-02-21T23:04:09.977682"
        },
        {
            "move_number": 7,
            "player": 1,
            "column": 3,
            "row": 2,
            "timestamp": "2025-02-21T23:04:09.977932"
        }
    ]
}