{
    "metadata": {
        "bot1": "HeuristicBot",
        "bot2": "MCTSBot",
        "game_number": 71,
        "ordering": "normal",
        "result": "MCTSBot"
    },
    "move_log": [
        {
            "move_number": 1,
            "player": 1,
            "column": 3,
            "row": 5,
            "timestamp": "2025-02-21T22:19:35.225378"
        },
        {
            "move_number": 2,
            "player": 2,
            "column": 2,
            "row": 5,
            "timestamp": "2025-02-21T22:19:37.225681"
        },
        {
            "move_number": 3,
            "player": 1,
            "column": 3,
            "row": 4,
            "timestamp": "2025-02-21T22:19:37.225812"
        },
        {
            "move_number": 4,
            "player": 2,
            "column": 3,
            "row": 3,
            "timestamp": "2025-02-21T22:19:39.225885"
        },
        {
            "move_number": 5,
            "player": 1,
            "column": 3,
            "row": 2,
            "timestamp": "2025-02-21T22:19:39.226015"
        },
        {
            "move_number": 6,
            "player": 2,
            "column": 2,
            "row": 4,
            "timestamp": "2025-02-21T22:19:41.226067"
        },
        {
            "move_number": 7,
            "player": 1,
            "column": 3,
            "row": 1,
            "timestamp": "2025-02-21T22:19:41.226239"
        },
        {
            "move_number": 8,
            "player": 2,
            "column": 2,
            "row": 3,
            "timestamp": "2025-02-21T22:19:43.226320"
        },
        {
            "move_number": 9,
            "player": 1,
            "column": 2,
            "row": 2,
            "timestamp": "2025-02-21T22:19:43.226411"
        },
        {
            "move_number": 10,
            "player": 2,
            "column": 4,
            "row": 5,
            "timestamp": "2025-02-21T22:19:45.226673"
        },
        {
            "move_number": 11,
            "player": 1,
            "column": 3,
            "row": 0,
            "timestamp": "2025-02-21T22:19:45.226967"
        },
        {
            "move_number": 12,
            "player": 2,
            "column": 4,
            "row": 4,
            "timestamp": "2025-02-21T22:19:47.227022"
        },
        {
            "move_number": 13,
            "player": 1,
            "column": 2,
            "row": 1,
            "timestamp": "2025-02-21T22:19:47.227147"
        },
        {
            "move_number": 14,
            "player": 2,
            "column": 4,
            "row": 3,
            "timestamp": "2025-02-21T22:19:49.227207"
        },
        {
            "move_number": 15,
            "player": 1,
            "column": 4,
            "row": 2,
            "timestamp": "2025-02-21T22:19:49.227309"
        },
        {
            "move_number": 16,
            "player": 2,
            "column": 2,
            "row": 0,
            "timestamp": "2025-02-21T22:19:51.227472"
        },
        {
            "move_number": 17,
            "player": 1,
            "column": 4,
            "row": 1,
            "timestamp": "2025-02-21T22:19:51.227589"
        },
        {
            "move_number": 18,
            "player": 2,
            "column": 5,
            "row": 5,
            "timestamp": "2025-02-21T22:19:53.227764"
        },
        {
            "move_number": 19,
            "player": 1,
            "column": 4,
            "row": 0,
            "timestamp": "2025-02-21T22:19:53.227879"
        },
        {
            "move_number": 20,
            "player": 2,
            "column": 0,
            "row": 5,
            "timestamp": "2025-02-21T22:19:55.227933"
        },
        {
            "move_number": 21,
            "player": 1,
            "column": 1,
            "row": 5,
            "timestamp": "2025-02-21T22:19:55.228036"
        },
        {
            "move_number": 22,
            "player": 2,
            "column": 0,
            "row": 4,
            "timestamp": "2025-02-21T22:19:57.228072"
        },
        {
            "move_number": 23,
            "player": 1,
            "column": 1,
            "row": 4,
            "timestamp": "2025-02-21T22:19:57.228174"
        },
        {
            "move_number": 24,
            "player": 2,
            "column": 1,
            "row": 3,
            "timestamp": "2025-02-21T22:19:59.228338"
        }
    ]
}