{
    "metadata": {
        "bot1": "HeuristicBot",
        "bot2": "MCTSBot",
        "game_number": 272,
        "ordering": "normal",
        "result": "MCTSBot"
    },
    "move_log": [
        {
            "move_number": 1,
            "player": 1,
            "column": 3,
            "row": 5,
            "timestamp": "2025-02-21T23:34:54.590862"
        },
        {
            "move_number": 2,
            "player": 2,
            "column": 2,
            "row": 5,
            "timestamp": "2025-02-21T23:34:56.590969"
        },
        {
            "move_number": 3,
            "player": 1,
            "column": 3,
            "row": 4,
            "timestamp": "2025-02-21T23:34:56.591098"
        },
        {
            "move_number": 4,
            "player": 2,
            "column": 3,
            "row": 3,
            "timestamp": "2025-02-21T23:34:58.591189"
        },
        {
            "move_number": 5,
            "player": 1,
            "column": 3,
            "row": 2,
            "timestamp": "2025-02-21T23:34:58.591310"
        },
        {
            "move_number": 6,
            "player": 2,
            "column": 2,
            "row": 4,
            "timestamp": "2025-02-21T23:35:00.591368"
        },
        {
            "move_number": 7,
            "player": 1,
            "column": 3,
            "row": 1,
            "timestamp": "2025-02-21T23:35:00.591489"
        },
        {
            "move_number": 8,
            "player": 2,
            "column": 2,
            "row": 3,
            "timestamp": "2025-02-21T23:35:02.591568"
        },
        {
            "move_number": 9,
            "player": 1,
            "column": 2,
            "row": 2,
            "timestamp": "2025-02-21T23:35:02.591663"
        },
        {
            "move_number": 10,
            "player": 2,
            "column": 6,
            "row": 5,
            "timestamp": "2025-02-21T23:35:04.591737"
        },
        {
            "move_number": 11,
            "player": 1,
            "column": 3,
            "row": 0,
            "timestamp": "2025-02-21T23:35:04.591891"
        },
        {
            "move_number": 12,
            "player": 2,
            "column": 6,
            "row": 4,
            "timestamp": "2025-02-21T23:35:06.592015"
        },
        {
            "move_number": 13,
            "player": 1,
            "column": 2,
            "row": 1,
            "timestamp": "2025-02-21T23:35:06.592134"
        },
        {
            "move_number": 14,
            "player": 2,
            "column": 6,
            "row": 3,
            "timestamp": "2025-02-21T23:35:08.592256"
        },
        {
            "move_number": 15,
            "player": 1,
            "column": 6,
            "row": 2,
            "timestamp": "2025-02-21T23:35:08.592368"
        },
        {
            "move_number": 16,
            "player": 2,
            "column": 1,
            "row": 5,
            "timestamp": "2025-02-21T23:35:10.592492"
        },
        {
            "move_number": 17,
            "player": 1,
            "column": 2,
            "row": 0,
            "timestamp": "2025-02-21T23:35:10.592618"
        },
        {
            "move_number": 18,
            "player": 2,
            "column": 4,
            "row": 5,
            "timestamp": "2025-02-21T23:35:12.592672"
        },
        {
            "move_number": 19,
            "player": 1,
            "column": 4,
            "row": 4,
            "timestamp": "2025-02-21T23:35:12.592781"
        },
        {
            "move_number": 20,
            "player": 2,
            "column": 4,
            "row": 3,
            "timestamp": "2025-02-21T23:35:14.592889"
        },
        {
            "move_number": 21,
            "player": 1,
            "column": 4,
            "row": 2,
            "timestamp": "2025-02-21T23:35:14.592992"
        },
        {
            "move_number": 22,
            "player": 2,
            "column": 5,
            "row": 5,
            "timestamp": "2025-02-21T23:35:16.593075"
        },
        {
            "move_number": 23,
            "player": 1,
            "column": 4,
            "row": 1,
            "timestamp": "2025-02-21T23:35:16.593186"
        },
        {
            "move_number": 24,
            "player": 2,
            "column": 4,
            "row": 0,
            "timestamp": "2025-02-21T23:35:18.593249"
        },
        {
            "move_number": 25,
            "player": 1,
            "column": 1,
            "row": 4,
            "timestamp": "2025-02-21T23:35:18.593354"
        },
        {
            "move_number": 26,
            "player": 2,
            "column": 1,
            "row": 3,
            "timestamp": "2025-02-21T23:35:20.593403"
        }
    ]
}