{
    "metadata": {
        "bot1": "HeuristicBot",
        "bot2": "MCTSBot",
        "game_number": 222,
        "ordering": "normal",
        "result": "MCTSBot"
    },
    "move_log": [
        {
            "move_number": 1,
            "player": 1,
            "column": 3,
            "row": 5,
            "timestamp": "2025-02-21T23:16:56.230108"
        },
        {
            "move_number": 2,
            "player": 2,
            "column": 4,
            "row": 5,
            "timestamp": "2025-02-21T23:16:58.230320"
        },
        {
            "move_number": 3,
            "player": 1,
            "column": 3,
            "row": 4,
            "timestamp": "2025-02-21T23:16:58.230445"
        },
        {
            "move_number": 4,
            "player": 2,
            "column": 4,
            "row": 4,
            "timestamp": "2025-02-21T23:17:00.230561"
        },
        {
            "move_number": 5,
            "player": 1,
            "column": 3,
            "row": 3,
            "timestamp": "2025-02-21T23:17:00.230696"
        },
        {
            "move_number": 6,
            "player": 2,
            "column": 3,
            "row": 2,
            "timestamp": "2025-02-21T23:17:02.230894"
        },
        {
            "move_number": 7,
            "player": 1,
            "column": 3,
            "row": 1,
            "timestamp": "2025-02-21T23:17:02.231021"
        },
        {
            "move_number": 8,
            "player": 2,
            "column": 4,
            "row": 3,
            "timestamp": "2025-02-21T23:17:04.231126"
        },
        {
            "move_number": 9,
            "player": 1,
            "column": 4,
            "row": 2,
            "timestamp": "2025-02-21T23:17:04.231234"
        },
        {
            "move_number": 10,
            "player": 2,
            "column": 6,
            "row": 5,
            "timestamp": "2025-02-21T23:17:06.231361"
        },
        {
            "move_number": 11,
            "player": 1,
            "column": 3,
            "row": 0,
            "timestamp": "2025-02-21T23:17:06.231492"
        },
        {
            "move_number": 12,
            "player": 2,
            "column": 1,
            "row": 5,
            "timestamp": "2025-02-21T23:17:08.231593"
        },
        {
            "move_number": 13,
            "player": 1,
            "column": 2,
            "row": 5,
            "timestamp": "2025-02-21T23:17:08.231714"
        },
        {
            "move_number": 14,
            "player": 2,
            "column": 1,
            "row": 4,
            "timestamp": "2025-02-21T23:17:10.231837"
        },
        {
            "move_number": 15,
            "player": 1,
            "column": 2,
            "row": 4,
            "timestamp": "2025-02-21T23:17:10.231966"
        },
        {
            "move_number": 16,
            "player": 2,
            "column": 2,
            "row": 3,
            "timestamp": "2025-02-21T23:17:12.232231"
        },
        {
            "move_number": 17,
            "player": 1,
            "column": 0,
            "row": 5,
            "timestamp": "2025-02-21T23:17:12.232456"
        },
        {
            "move_number": 18,
            "player": 2,
            "column": 4,
            "row": 1,
            "timestamp": "2025-02-21T23:17:14.232529"
        }
    ]
}