{
    "metadata": {
        "bot1": "HeuristicBot",
        "bot2": "MCTSBot",
        "game_number": 68,
        "ordering": "normal",
        "result": "MCTSBot"
    },
    "move_log": [
        {
            "move_number": 1,
            "player": 1,
            "column": 3,
            "row": 5,
            "timestamp": "2025-02-21T22:18:17.208821"
        },
        {
            "move_number": 2,
            "player": 2,
            "column": 3,
            "row": 4,
            "timestamp": "2025-02-21T22:18:19.208893"
        },
        {
            "move_number": 3,
            "player": 1,
            "column": 3,
            "row": 3,
            "timestamp": "2025-02-21T22:18:19.209037"
        },
        {
            "move_number": 4,
            "player": 2,
            "column": 4,
            "row": 5,
            "timestamp": "2025-02-21T22:18:21.209276"
        },
        {
            "move_number": 5,
            "player": 1,
            "column": 3,
            "row": 2,
            "timestamp": "2025-02-21T22:18:21.209463"
        },
        {
            "move_number": 6,
            "player": 2,
            "column": 4,
            "row": 4,
            "timestamp": "2025-02-21T22:18:23.209620"
        },
        {
            "move_number": 7,
            "player": 1,
            "column": 3,
            "row": 1,
            "timestamp": "2025-02-21T22:18:23.209761"
        },
        {
            "move_number": 8,
            "player": 2,
            "column": 3,
            "row": 0,
            "timestamp": "2025-02-21T22:18:25.209799"
        },
        {
            "move_number": 9,
            "player": 1,
            "column": 2,
            "row": 5,
            "timestamp": "2025-02-21T22:18:25.209924"
        },
        {
            "move_number": 10,
            "player": 2,
            "column": 2,
            "row": 4,
            "timestamp": "2025-02-21T22:18:27.210232"
        },
        {
            "move_number": 11,
            "player": 1,
            "column": 2,
            "row": 3,
            "timestamp": "2025-02-21T22:18:27.210363"
        },
        {
            "move_number": 12,
            "player": 2,
            "column": 0,
            "row": 5,
            "timestamp": "2025-02-21T22:18:29.210463"
        },
        {
            "move_number": 13,
            "player": 1,
            "column": 2,
            "row": 2,
            "timestamp": "2025-02-21T22:18:29.210604"
        },
        {
            "move_number": 14,
            "player": 2,
            "column": 4,
            "row": 3,
            "timestamp": "2025-02-21T22:18:31.210930"
        },
        {
            "move_number": 15,
            "player": 1,
            "column": 4,
            "row": 2,
            "timestamp": "2025-02-21T22:18:31.211053"
        },
        {
            "move_number": 16,
            "player": 2,
            "column": 2,
            "row": 1,
            "timestamp": "2025-02-21T22:18:33.211187"
        },
        {
            "move_number": 17,
            "player": 1,
            "column": 2,
            "row": 0,
            "timestamp": "2025-02-21T22:18:33.211338"
        },
        {
            "move_number": 18,
            "player": 2,
            "column": 4,
            "row": 1,
            "timestamp": "2025-02-21T22:18:35.211523"
        },
        {
            "move_number": 19,
            "player": 1,
            "column": 4,
            "row": 0,
            "timestamp": "2025-02-21T22:18:35.211657"
        },
        {
            "move_number": 20,
            "player": 2,
            "column": 0,
            "row": 4,
            "timestamp": "2025-02-21T22:18:37.211717"
        },
        {
            "move_number": 21,
            "player": 1,
            "column": 1,
            "row": 5,
            "timestamp": "2025-02-21T22:18:37.211825"
        },
        {
            "move_number": 22,
            "player": 2,
            "column": 0,
            "row": 3,
            "timestamp": "2025-02-21T22:18:39.211866"
        },
        {
            "move_number": 23,
            "player": 1,
            "column": 0,
            "row": 2,
            "timestamp": "2025-02-21T22:18:39.211952"
        },
        {
            "move_number": 24,
            "player": 2,
            "column": 1,
            "row": 4,
            "timestamp": "2025-02-21T22:18:41.212025"
        }
    ]
}