{
    "metadata": {
        "bot1": "HeuristicBot",
        "bot2": "MCTSBot",
        "game_number": 197,
        "ordering": "normal",
        "result": "HeuristicBot"
    },
    "move_log": [
        {
            "move_number": 1,
            "player": 1,
            "column": 3,
            "row": 5,
            "timestamp": "2025-02-21T23:07:30.037744"
        },
        {
            "move_number": 2,
            "player": 2,
            "column": 4,
            "row": 5,
            "timestamp": "2025-02-21T23:07:32.037888"
        },
        {
            "move_number": 3,
            "player": 1,
            "column": 3,
            "row": 4,
            "timestamp": "2025-02-21T23:07:32.038017"
        },
        {
            "move_number": 4,
            "player": 2,
            "column": 3,
            "row": 3,
            "timestamp": "2025-02-21T23:07:34.038204"
        },
        {
            "move_number": 5,
            "player": 1,
            "column": 3,
            "row": 2,
            "timestamp": "2025-02-21T23:07:34.038344"
        },
        {
            "move_number": 6,
            "player": 2,
            "column": 4,
            "row": 4,
            "timestamp": "2025-02-21T23:07:36.038493"
        },
        {
            "move_number": 7,
            "player": 1,
            "column": 3,
            "row": 1,
            "timestamp": "2025-02-21T23:07:36.038621"
        },
        {
            "move_number": 8,
            "player": 2,
            "column": 4,
            "row": 3,
            "timestamp": "2025-02-21T23:07:38.038744"
        },
        {
            "move_number": 9,
            "player": 1,
            "column": 4,
            "row": 2,
            "timestamp": "2025-02-21T23:07:38.038862"
        },
        {
            "move_number": 10,
            "player": 2,
            "column": 5,
            "row": 5,
            "timestamp": "2025-02-21T23:07:40.038958"
        },
        {
            "move_number": 11,
            "player": 1,
            "column": 3,
            "row": 0,
            "timestamp": "2025-02-21T23:07:40.039094"
        },
        {
            "move_number": 12,
            "player": 2,
            "column": 2,
            "row": 5,
            "timestamp": "2025-02-21T23:07:42.039179"
        },
        {
            "move_number": 13,
            "player": 1,
            "column": 2,
            "row": 4,
            "timestamp": "2025-02-21T23:07:42.039337"
        },
        {
            "move_number": 14,
            "player": 2,
            "column": 2,
            "row": 3,
            "timestamp": "2025-02-21T23:07:44.039369"
        },
        {
            "move_number": 15,
            "player": 1,
            "column": 2,
            "row": 2,
            "timestamp": "2025-02-21T23:07:44.039474"
        },
        {
            "move_number": 16,
            "player": 2,
            "column": 1,
            "row": 5,
            "timestamp": "2025-02-21T23:07:46.039579"
        },
        {
            "move_number": 17,
            "player": 1,
            "column": 2,
            "row": 1,
            "timestamp": "2025-02-21T23:07:46.039721"
        },
        {
            "move_number": 18,
            "player": 2,
            "column": 1,
            "row": 4,
            "timestamp": "2025-02-21T23:07:48.039874"
        },
        {
            "move_number": 19,
            "player": 1,
            "column": 1,
            "row": 3,
            "timestamp": "2025-02-21T23:07:48.039970"
        },
        {
            "move_number": 20,
            "player": 2,
            "column": 1,
            "row": 2,
            "timestamp": "2025-02-21T23:07:50.040015"
        },
        {
            "move_number": 21,
            "player": 1,
            "column": 2,
            "row": 0,
            "timestamp": "2025-02-21T23:07:50.040154"
        },
        {
            "move_number": 22,
            "player": 2,
            "column": 5,
            "row": 4,
            "timestamp": "2025-02-21T23:07:52.040290"
        },
        {
            "move_number": 23,
            "player": 1,
            "column": 5,
            "row": 3,
            "timestamp": "2025-02-21T23:07:52.040361"
        }
    ]
}