{
    "metadata": {
        "bot1": "HeuristicBot",
        "bot2": "MCTSBot",
        "game_number": 184,
        "ordering": "normal",
        "result": "MCTSBot"
    },
    "move_log": [
        {
            "move_number": 1,
            "player": 1,
            "column": 3,
            "row": 5,
            "timestamp": "2025-02-21T23:02:23.944078"
        },
        {
            "move_number": 2,
            "player": 2,
            "column": 4,
            "row": 5,
            "timestamp": "2025-02-21T23:02:25.944375"
        },
        {
            "move_number": 3,
            "player": 1,
            "column": 3,
            "row": 4,
            "timestamp": "2025-02-21T23:02:25.944604"
        },
        {
            "move_number": 4,
            "player": 2,
            "column": 3,
            "row": 3,
            "timestamp": "2025-02-21T23:02:27.944692"
        },
        {
            "move_number": 5,
            "player": 1,
            "column": 3,
            "row": 2,
            "timestamp": "2025-02-21T23:02:27.944814"
        },
        {
            "move_number": 6,
            "player": 2,
            "column": 4,
            "row": 4,
            "timestamp": "2025-02-21T23:02:29.944963"
        },
        {
            "move_number": 7,
            "player": 1,
            "column": 3,
            "row": 1,
            "timestamp": "2025-02-21T23:02:29.945103"
        },
        {
            "move_number": 8,
            "player": 2,
            "column": 4,
            "row": 3,
            "timestamp": "2025-02-21T23:02:31.945260"
        },
        {
            "move_number": 9,
            "player": 1,
            "column": 4,
            "row": 2,
            "timestamp": "2025-02-21T23:02:31.945362"
        },
        {
            "move_number": 10,
            "player": 2,
            "column": 0,
            "row": 5,
            "timestamp": "2025-02-21T23:02:33.945423"
        },
        {
            "move_number": 11,
            "player": 1,
            "column": 3,
            "row": 0,
            "timestamp": "2025-02-21T23:02:33.945549"
        },
        {
            "move_number": 12,
            "player": 2,
            "column": 0,
            "row": 4,
            "timestamp": "2025-02-21T23:02:35.945693"
        },
        {
            "move_number": 13,
            "player": 1,
            "column": 2,
            "row": 5,
            "timestamp": "2025-02-21T23:02:35.945823"
        },
        {
            "move_number": 14,
            "player": 2,
            "column": 0,
            "row": 3,
            "timestamp": "2025-02-21T23:02:37.945942"
        },
        {
            "move_number": 15,
            "player": 1,
            "column": 0,
            "row": 2,
            "timestamp": "2025-02-21T23:02:37.946027"
        },
        {
            "move_number": 16,
            "player": 2,
            "column": 2,
            "row": 4,
            "timestamp": "2025-02-21T23:02:39.946074"
        },
        {
            "move_number": 17,
            "player": 1,
            "column": 2,
            "row": 3,
            "timestamp": "2025-02-21T23:02:39.946198"
        },
        {
            "move_number": 18,
            "player": 2,
            "column": 2,
            "row": 2,
            "timestamp": "2025-02-21T23:02:41.946269"
        },
        {
            "move_number": 19,
            "player": 1,
            "column": 5,
            "row": 5,
            "timestamp": "2025-02-21T23:02:41.946414"
        },
        {
            "move_number": 20,
            "player": 2,
            "column": 4,
            "row": 1,
            "timestamp": "2025-02-21T23:02:43.946612"
        },
        {
            "move_number": 21,
            "player": 1,
            "column": 2,
            "row": 1,
            "timestamp": "2025-02-21T23:02:43.946774"
        },
        {
            "move_number": 22,
            "player": 2,
            "column": 0,
            "row": 1,
            "timestamp": "2025-02-21T23:02:45.946880"
        },
        {
            "move_number": 23,
            "player": 1,
            "column": 2,
            "row": 0,
            "timestamp": "2025-02-21T23:02:45.947014"
        },
        {
            "move_number": 24,
            "player": 2,
            "column": 1,
            "row": 5,
            "timestamp": "2025-02-21T23:02:47.947129"
        },
        {
            "move_number": 25,
            "player": 1,
            "column": 4,
            "row": 0,
            "timestamp": "2025-02-21T23:02:47.947252"
        },
        {
            "move_number": 26,
            "player": 2,
            "column": 1,
            "row": 4,
            "timestamp": "2025-02-21T23:02:49.947291"
        },
        {
            "move_number": 27,
            "player": 1,
            "column": 1,
            "row": 3,
            "timestamp": "2025-02-21T23:02:49.947397"
        },
        {
            "move_number": 28,
            "player": 2,
            "column": 0,
            "row": 0,
            "timestamp": "2025-02-21T23:02:51.947451"
        },
        {
            "move_number": 29,
            "player": 1,
            "column": 1,
            "row": 2,
            "timestamp": "2025-02-21T23:02:51.947539"
        },
        {
            "move_number": 30,
            "player": 2,
            "column": 1,
            "row": 1,
            "timestamp": "2025-02-21T23:02:53.947575"
        }
    ]
}