{
    "metadata": {
        "bot1": "HeuristicBot",
        "bot2": "MCTSBot",
        "game_number": 38,
        "ordering": "normal",
        "result": "MCTSBot"
    },
    "move_log": [
        {
            "move_number": 1,
            "player": 1,
            "column": 3,
            "row": 5,
            "timestamp": "2025-02-21T22:06:32.961563"
        },
        {
            "move_number": 2,
            "player": 2,
            "column": 3,
            "row": 4,
            "timestamp": "2025-02-21T22:06:34.961828"
        },
        {
            "move_number": 3,
            "player": 1,
            "column": 3,
            "row": 3,
            "timestamp": "2025-02-21T22:06:34.962076"
        },
        {
            "move_number": 4,
            "player": 2,
            "column": 2,
            "row": 5,
            "timestamp": "2025-02-21T22:06:36.962701"
        },
        {
            "move_number": 5,
            "player": 1,
            "column": 3,
            "row": 2,
            "timestamp": "2025-02-21T22:06:36.963419"
        },
        {
            "move_number": 6,
            "player": 2,
            "column": 6,
            "row": 5,
            "timestamp": "2025-02-21T22:06:38.964004"
        },
        {
            "move_number": 7,
            "player": 1,
            "column": 3,
            "row": 1,
            "timestamp": "2025-02-21T22:06:38.965590"
        },
        {
            "move_number": 8,
            "player": 2,
            "column": 3,
            "row": 0,
            "timestamp": "2025-02-21T22:06:40.966163"
        },
        {
            "move_number": 9,
            "player": 1,
            "column": 2,
            "row": 4,
            "timestamp": "2025-02-21T22:06:40.966759"
        },
        {
            "move_number": 10,
            "player": 2,
            "column": 6,
            "row": 4,
            "timestamp": "2025-02-21T22:06:42.968557"
        },
        {
            "move_number": 11,
            "player": 1,
            "column": 2,
            "row": 3,
            "timestamp": "2025-02-21T22:06:42.969537"
        },
        {
            "move_number": 12,
            "player": 2,
            "column": 6,
            "row": 3,
            "timestamp": "2025-02-21T22:06:44.970624"
        },
        {
            "move_number": 13,
            "player": 1,
            "column": 6,
            "row": 2,
            "timestamp": "2025-02-21T22:06:44.971530"
        },
        {
            "move_number": 14,
            "player": 2,
            "column": 2,
            "row": 2,
            "timestamp": "2025-02-21T22:06:46.972513"
        },
        {
            "move_number": 15,
            "player": 1,
            "column": 2,
            "row": 1,
            "timestamp": "2025-02-21T22:06:46.973492"
        },
        {
            "move_number": 16,
            "player": 2,
            "column": 0,
            "row": 5,
            "timestamp": "2025-02-21T22:06:48.973775"
        },
        {
            "move_number": 17,
            "player": 1,
            "column": 2,
            "row": 0,
            "timestamp": "2025-02-21T22:06:48.975912"
        },
        {
            "move_number": 18,
            "player": 2,
            "column": 1,
            "row": 5,
            "timestamp": "2025-02-21T22:06:50.976848"
        },
        {
            "move_number": 19,
            "player": 1,
            "column": 4,
            "row": 5,
            "timestamp": "2025-02-21T22:06:50.977662"
        },
        {
            "move_number": 20,
            "player": 2,
            "column": 4,
            "row": 4,
            "timestamp": "2025-02-21T22:06:52.977798"
        },
        {
            "move_number": 21,
            "player": 1,
            "column": 4,
            "row": 3,
            "timestamp": "2025-02-21T22:06:52.978608"
        },
        {
            "move_number": 22,
            "player": 2,
            "column": 0,
            "row": 4,
            "timestamp": "2025-02-21T22:06:54.979406"
        },
        {
            "move_number": 23,
            "player": 1,
            "column": 4,
            "row": 2,
            "timestamp": "2025-02-21T22:06:54.980222"
        },
        {
            "move_number": 24,
            "player": 2,
            "column": 0,
            "row": 3,
            "timestamp": "2025-02-21T22:06:56.980874"
        },
        {
            "move_number": 25,
            "player": 1,
            "column": 0,
            "row": 2,
            "timestamp": "2025-02-21T22:06:56.981545"
        },
        {
            "move_number": 26,
            "player": 2,
            "column": 4,
            "row": 1,
            "timestamp": "2025-02-21T22:06:58.982049"
        },
        {
            "move_number": 27,
            "player": 1,
            "column": 4,
            "row": 0,
            "timestamp": "2025-02-21T22:06:58.982851"
        },
        {
            "move_number": 28,
            "player": 2,
            "column": 6,
            "row": 1,
            "timestamp": "2025-02-21T22:07:00.983317"
        },
        {
            "move_number": 29,
            "player": 1,
            "column": 1,
            "row": 4,
            "timestamp": "2025-02-21T22:07:00.983823"
        },
        {
            "move_number": 30,
            "player": 2,
            "column": 1,
            "row": 3,
            "timestamp": "2025-02-21T22:07:02.983962"
        },
        {
            "move_number": 31,
            "player": 1,
            "column": 1,
            "row": 2,
            "timestamp": "2025-02-21T22:07:02.984626"
        },
        {
            "move_number": 32,
            "player": 2,
            "column": 0,
            "row": 1,
            "timestamp": "2025-02-21T22:07:04.985183"
        },
        {
            "move_number": 33,
            "player": 1,
            "column": 1,
            "row": 1,
            "timestamp": "2025-02-21T22:07:04.986138"
        },
        {
            "move_number": 34,
            "player": 2,
            "column": 1,
            "row": 0,
            "timestamp": "2025-02-21T22:07:06.986335"
        },
        {
            "move_number": 35,
            "player": 1,
            "column": 5,
            "row": 5,
            "timestamp": "2025-02-21T22:07:06.986514"
        },
        {
            "move_number": 36,
            "player": 2,
            "column": 5,
            "row": 4,
            "timestamp": "2025-02-21T22:07:08.986570"
        }
    ]
}