{
    "metadata": {
        "bot1": "HeuristicBot",
        "bot2": "MCTSBot",
        "game_number": 406,
        "ordering": "normal",
        "result": "MCTSBot"
    },
    "move_log": [
        {
            "move_number": 1,
            "player": 1,
            "column": 3,
            "row": 5,
            "timestamp": "2025-02-22T00:25:27.481358"
        },
        {
            "move_number": 2,
            "player": 2,
            "column": 2,
            "row": 5,
            "timestamp": "2025-02-22T00:25:29.481762"
        },
        {
            "move_number": 3,
            "player": 1,
            "column": 3,
            "row": 4,
            "timestamp": "2025-02-22T00:25:29.482055"
        },
        {
            "move_number": 4,
            "player": 2,
            "column": 3,
            "row": 3,
            "timestamp": "2025-02-22T00:25:31.482242"
        },
        {
            "move_number": 5,
            "player": 1,
            "column": 3,
            "row": 2,
            "timestamp": "2025-02-22T00:25:31.482379"
        },
        {
            "move_number": 6,
            "player": 2,
            "column": 2,
            "row": 4,
            "timestamp": "2025-02-22T00:25:33.482437"
        },
        {
            "move_number": 7,
            "player": 1,
            "column": 3,
            "row": 1,
            "timestamp": "2025-02-22T00:25:33.482543"
        },
        {
            "move_number": 8,
            "player": 2,
            "column": 2,
            "row": 3,
            "timestamp": "2025-02-22T00:25:35.482718"
        },
        {
            "move_number": 9,
            "player": 1,
            "column": 2,
            "row": 2,
            "timestamp": "2025-02-22T00:25:35.482813"
        },
        {
            "move_number": 10,
            "player": 2,
            "column": 4,
            "row": 5,
            "timestamp": "2025-02-22T00:25:37.482977"
        },
        {
            "move_number": 11,
            "player": 1,
            "column": 3,
            "row": 0,
            "timestamp": "2025-02-22T00:25:37.483103"
        },
        {
            "move_number": 12,
            "player": 2,
            "column": 1,
            "row": 5,
            "timestamp": "2025-02-22T00:25:39.483228"
        },
        {
            "move_number": 13,
            "player": 1,
            "column": 2,
            "row": 1,
            "timestamp": "2025-02-22T00:25:39.483345"
        },
        {
            "move_number": 14,
            "player": 2,
            "column": 4,
            "row": 4,
            "timestamp": "2025-02-22T00:25:41.483410"
        },
        {
            "move_number": 15,
            "player": 1,
            "column": 2,
            "row": 0,
            "timestamp": "2025-02-22T00:25:41.483534"
        },
        {
            "move_number": 16,
            "player": 2,
            "column": 4,
            "row": 3,
            "timestamp": "2025-02-22T00:25:43.483663"
        },
        {
            "move_number": 17,
            "player": 1,
            "column": 4,
            "row": 2,
            "timestamp": "2025-02-22T00:25:43.483754"
        },
        {
            "move_number": 18,
            "player": 2,
            "column": 6,
            "row": 5,
            "timestamp": "2025-02-22T00:25:45.483801"
        },
        {
            "move_number": 19,
            "player": 1,
            "column": 4,
            "row": 1,
            "timestamp": "2025-02-22T00:25:45.483917"
        },
        {
            "move_number": 20,
            "player": 2,
            "column": 4,
            "row": 0,
            "timestamp": "2025-02-22T00:25:47.483978"
        },
        {
            "move_number": 21,
            "player": 1,
            "column": 1,
            "row": 4,
            "timestamp": "2025-02-22T00:25:47.484072"
        },
        {
            "move_number": 22,
            "player": 2,
            "column": 1,
            "row": 3,
            "timestamp": "2025-02-22T00:25:49.484141"
        }
    ]
}