{
    "metadata": {
        "bot1": "HeuristicBot",
        "bot2": "MCTSBot",
        "game_number": 125,
        "ordering": "normal",
        "result": "MCTSBot"
    },
    "move_log": [
        {
            "move_number": 1,
            "player": 1,
            "column": 3,
            "row": 5,
            "timestamp": "2025-02-21T22:40:07.554967"
        },
        {
            "move_number": 2,
            "player": 2,
            "column": 3,
            "row": 4,
            "timestamp": "2025-02-21T22:40:09.555151"
        },
        {
            "move_number": 3,
            "player": 1,
            "column": 3,
            "row": 3,
            "timestamp": "2025-02-21T22:40:09.555284"
        },
        {
            "move_number": 4,
            "player": 2,
            "column": 4,
            "row": 5,
            "timestamp": "2025-02-21T22:40:11.555500"
        },
        {
            "move_number": 5,
            "player": 1,
            "column": 3,
            "row": 2,
            "timestamp": "2025-02-21T22:40:11.555772"
        },
        {
            "move_number": 6,
            "player": 2,
            "column": 4,
            "row": 4,
            "timestamp": "2025-02-21T22:40:13.556063"
        },
        {
            "move_number": 7,
            "player": 1,
            "column": 3,
            "row": 1,
            "timestamp": "2025-02-21T22:40:13.556292"
        },
        {
            "move_number": 8,
            "player": 2,
            "column": 3,
            "row": 0,
            "timestamp": "2025-02-21T22:40:15.556450"
        },
        {
            "move_number": 9,
            "player": 1,
            "column": 2,
            "row": 5,
            "timestamp": "2025-02-21T22:40:15.556581"
        },
        {
            "move_number": 10,
            "player": 2,
            "column": 2,
            "row": 4,
            "timestamp": "2025-02-21T22:40:17.556677"
        },
        {
            "move_number": 11,
            "player": 1,
            "column": 2,
            "row": 3,
            "timestamp": "2025-02-21T22:40:17.556788"
        },
        {
            "move_number": 12,
            "player": 2,
            "column": 0,
            "row": 5,
            "timestamp": "2025-02-21T22:40:19.556911"
        },
        {
            "move_number": 13,
            "player": 1,
            "column": 2,
            "row": 2,
            "timestamp": "2025-02-21T22:40:19.557039"
        },
        {
            "move_number": 14,
            "player": 2,
            "column": 4,
            "row": 3,
            "timestamp": "2025-02-21T22:40:21.557092"
        },
        {
            "move_number": 15,
            "player": 1,
            "column": 4,
            "row": 2,
            "timestamp": "2025-02-21T22:40:21.557195"
        },
        {
            "move_number": 16,
            "player": 2,
            "column": 2,
            "row": 1,
            "timestamp": "2025-02-21T22:40:23.557274"
        },
        {
            "move_number": 17,
            "player": 1,
            "column": 2,
            "row": 0,
            "timestamp": "2025-02-21T22:40:23.557402"
        },
        {
            "move_number": 18,
            "player": 2,
            "column": 4,
            "row": 1,
            "timestamp": "2025-02-21T22:40:25.557490"
        },
        {
            "move_number": 19,
            "player": 1,
            "column": 4,
            "row": 0,
            "timestamp": "2025-02-21T22:40:25.557611"
        },
        {
            "move_number": 20,
            "player": 2,
            "column": 0,
            "row": 4,
            "timestamp": "2025-02-21T22:40:27.557691"
        },
        {
            "move_number": 21,
            "player": 1,
            "column": 1,
            "row": 5,
            "timestamp": "2025-02-21T22:40:27.558022"
        },
        {
            "move_number": 22,
            "player": 2,
            "column": 0,
            "row": 3,
            "timestamp": "2025-02-21T22:40:29.558114"
        },
        {
            "move_number": 23,
            "player": 1,
            "column": 0,
            "row": 2,
            "timestamp": "2025-02-21T22:40:29.558184"
        },
        {
            "move_number": 24,
            "player": 2,
            "column": 1,
            "row": 4,
            "timestamp": "2025-02-21T22:40:31.558301"
        }
    ]
}