{
    "metadata": {
        "bot1": "HeuristicBot",
        "bot2": "MCTSBot",
        "game_number": 409,
        "ordering": "normal",
        "result": "MCTSBot"
    },
    "move_log": [
        {
            "move_number": 1,
            "player": 1,
            "column": 3,
            "row": 5,
            "timestamp": "2025-02-22T00:26:27.494343"
        },
        {
            "move_number": 2,
            "player": 2,
            "column": 3,
            "row": 4,
            "timestamp": "2025-02-22T00:26:29.494729"
        },
        {
            "move_number": 3,
            "player": 1,
            "column": 3,
            "row": 3,
            "timestamp": "2025-02-22T00:26:29.494851"
        },
        {
            "move_number": 4,
            "player": 2,
            "column": 4,
            "row": 5,
            "timestamp": "2025-02-22T00:26:31.495000"
        },
        {
            "move_number": 5,
            "player": 1,
            "column": 3,
            "row": 2,
            "timestamp": "2025-02-22T00:26:31.495134"
        },
        {
            "move_number": 6,
            "player": 2,
            "column": 4,
            "row": 4,
            "timestamp": "2025-02-22T00:26:33.495243"
        },
        {
            "move_number": 7,
            "player": 1,
            "column": 3,
            "row": 1,
            "timestamp": "2025-02-22T00:26:33.495383"
        },
        {
            "move_number": 8,
            "player": 2,
            "column": 3,
            "row": 0,
            "timestamp": "2025-02-22T00:26:35.495509"
        },
        {
            "move_number": 9,
            "player": 1,
            "column": 2,
            "row": 5,
            "timestamp": "2025-02-22T00:26:35.495698"
        },
        {
            "move_number": 10,
            "player": 2,
            "column": 2,
            "row": 4,
            "timestamp": "2025-02-22T00:26:37.495745"
        },
        {
            "move_number": 11,
            "player": 1,
            "column": 2,
            "row": 3,
            "timestamp": "2025-02-22T00:26:37.495901"
        },
        {
            "move_number": 12,
            "player": 2,
            "column": 4,
            "row": 3,
            "timestamp": "2025-02-22T00:26:39.495956"
        },
        {
            "move_number": 13,
            "player": 1,
            "column": 4,
            "row": 2,
            "timestamp": "2025-02-22T00:26:39.496055"
        },
        {
            "move_number": 14,
            "player": 2,
            "column": 0,
            "row": 5,
            "timestamp": "2025-02-22T00:26:41.496230"
        },
        {
            "move_number": 15,
            "player": 1,
            "column": 2,
            "row": 2,
            "timestamp": "2025-02-22T00:26:41.496360"
        },
        {
            "move_number": 16,
            "player": 2,
            "column": 2,
            "row": 1,
            "timestamp": "2025-02-22T00:26:43.496618"
        },
        {
            "move_number": 17,
            "player": 1,
            "column": 2,
            "row": 0,
            "timestamp": "2025-02-22T00:26:43.496879"
        },
        {
            "move_number": 18,
            "player": 2,
            "column": 4,
            "row": 1,
            "timestamp": "2025-02-22T00:26:45.496931"
        },
        {
            "move_number": 19,
            "player": 1,
            "column": 4,
            "row": 0,
            "timestamp": "2025-02-22T00:26:45.497065"
        },
        {
            "move_number": 20,
            "player": 2,
            "column": 0,
            "row": 4,
            "timestamp": "2025-02-22T00:26:47.497146"
        },
        {
            "move_number": 21,
            "player": 1,
            "column": 1,
            "row": 5,
            "timestamp": "2025-02-22T00:26:47.497243"
        },
        {
            "move_number": 22,
            "player": 2,
            "column": 0,
            "row": 3,
            "timestamp": "2025-02-22T00:26:49.497316"
        },
        {
            "move_number": 23,
            "player": 1,
            "column": 0,
            "row": 2,
            "timestamp": "2025-02-22T00:26:49.497387"
        },
        {
            "move_number": 24,
            "player": 2,
            "column": 1,
            "row": 4,
            "timestamp": "2025-02-22T00:26:51.497524"
        }
    ]
}