{
    "metadata": {
        "bot1": "HeuristicBot",
        "bot2": "MCTSBot",
        "game_number": 482,
        "ordering": "normal",
        "result": "MCTSBot"
    },
    "move_log": [
        {
            "move_number": 1,
            "player": 1,
            "column": 3,
            "row": 5,
            "timestamp": "2025-02-22T00:55:17.953370"
        },
        {
            "move_number": 2,
            "player": 2,
            "column": 3,
            "row": 4,
            "timestamp": "2025-02-22T00:55:19.953569"
        },
        {
            "move_number": 3,
            "player": 1,
            "column": 3,
            "row": 3,
            "timestamp": "2025-02-22T00:55:19.953698"
        },
        {
            "move_number": 4,
            "player": 2,
            "column": 2,
            "row": 5,
            "timestamp": "2025-02-22T00:55:21.953865"
        },
        {
            "move_number": 5,
            "player": 1,
            "column": 3,
            "row": 2,
            "timestamp": "2025-02-22T00:55:21.954005"
        },
        {
            "move_number": 6,
            "player": 2,
            "column": 2,
            "row": 4,
            "timestamp": "2025-02-22T00:55:23.954147"
        },
        {
            "move_number": 7,
            "player": 1,
            "column": 3,
            "row": 1,
            "timestamp": "2025-02-22T00:55:23.954325"
        },
        {
            "move_number": 8,
            "player": 2,
            "column": 3,
            "row": 0,
            "timestamp": "2025-02-22T00:55:25.954370"
        },
        {
            "move_number": 9,
            "player": 1,
            "column": 2,
            "row": 3,
            "timestamp": "2025-02-22T00:55:25.954486"
        },
        {
            "move_number": 10,
            "player": 2,
            "column": 5,
            "row": 5,
            "timestamp": "2025-02-22T00:55:27.954672"
        },
        {
            "move_number": 11,
            "player": 1,
            "column": 2,
            "row": 2,
            "timestamp": "2025-02-22T00:55:27.954780"
        },
        {
            "move_number": 12,
            "player": 2,
            "column": 5,
            "row": 4,
            "timestamp": "2025-02-22T00:55:29.954844"
        },
        {
            "move_number": 13,
            "player": 1,
            "column": 2,
            "row": 1,
            "timestamp": "2025-02-22T00:55:29.955051"
        },
        {
            "move_number": 14,
            "player": 2,
            "column": 2,
            "row": 0,
            "timestamp": "2025-02-22T00:55:31.955206"
        },
        {
            "move_number": 15,
            "player": 1,
            "column": 4,
            "row": 5,
            "timestamp": "2025-02-22T00:55:31.955328"
        },
        {
            "move_number": 16,
            "player": 2,
            "column": 4,
            "row": 4,
            "timestamp": "2025-02-22T00:55:33.955391"
        }
    ]
}