{
    "metadata": {
        "bot1": "HeuristicBot",
        "bot2": "MCTSBot",
        "game_number": 421,
        "ordering": "normal",
        "result": "MCTSBot"
    },
    "move_log": [
        {
            "move_number": 1,
            "player": 1,
            "column": 3,
            "row": 5,
            "timestamp": "2025-02-22T00:31:13.586411"
        },
        {
            "move_number": 2,
            "player": 2,
            "column": 3,
            "row": 4,
            "timestamp": "2025-02-22T00:31:15.586902"
        },
        {
            "move_number": 3,
            "player": 1,
            "column": 3,
            "row": 3,
            "timestamp": "2025-02-22T00:31:15.587189"
        },
        {
            "move_number": 4,
            "player": 2,
            "column": 2,
            "row": 5,
            "timestamp": "2025-02-22T00:31:17.587349"
        },
        {
            "move_number": 5,
            "player": 1,
            "column": 3,
            "row": 2,
            "timestamp": "2025-02-22T00:31:17.587466"
        },
        {
            "move_number": 6,
            "player": 2,
            "column": 2,
            "row": 4,
            "timestamp": "2025-02-22T00:31:19.587657"
        },
        {
            "move_number": 7,
            "player": 1,
            "column": 3,
            "row": 1,
            "timestamp": "2025-02-22T00:31:19.587804"
        },
        {
            "move_number": 8,
            "player": 2,
            "column": 3,
            "row": 0,
            "timestamp": "2025-02-22T00:31:21.587963"
        },
        {
            "move_number": 9,
            "player": 1,
            "column": 2,
            "row": 3,
            "timestamp": "2025-02-22T00:31:21.588081"
        },
        {
            "move_number": 10,
            "player": 2,
            "column": 2,
            "row": 2,
            "timestamp": "2025-02-22T00:31:23.588191"
        },
        {
            "move_number": 11,
            "player": 1,
            "column": 2,
            "row": 1,
            "timestamp": "2025-02-22T00:31:23.588298"
        },
        {
            "move_number": 12,
            "player": 2,
            "column": 0,
            "row": 5,
            "timestamp": "2025-02-22T00:31:25.588391"
        },
        {
            "move_number": 13,
            "player": 1,
            "column": 2,
            "row": 0,
            "timestamp": "2025-02-22T00:31:25.588599"
        },
        {
            "move_number": 14,
            "player": 2,
            "column": 0,
            "row": 4,
            "timestamp": "2025-02-22T00:31:27.588816"
        },
        {
            "move_number": 15,
            "player": 1,
            "column": 4,
            "row": 5,
            "timestamp": "2025-02-22T00:31:27.588932"
        },
        {
            "move_number": 16,
            "player": 2,
            "column": 0,
            "row": 3,
            "timestamp": "2025-02-22T00:31:29.589006"
        },
        {
            "move_number": 17,
            "player": 1,
            "column": 0,
            "row": 2,
            "timestamp": "2025-02-22T00:31:29.589072"
        },
        {
            "move_number": 18,
            "player": 2,
            "column": 6,
            "row": 5,
            "timestamp": "2025-02-22T00:31:31.589238"
        },
        {
            "move_number": 19,
            "player": 1,
            "column": 4,
            "row": 4,
            "timestamp": "2025-02-22T00:31:31.589349"
        },
        {
            "move_number": 20,
            "player": 2,
            "column": 4,
            "row": 3,
            "timestamp": "2025-02-22T00:31:33.589381"
        },
        {
            "move_number": 21,
            "player": 1,
            "column": 4,
            "row": 2,
            "timestamp": "2025-02-22T00:31:33.589509"
        },
        {
            "move_number": 22,
            "player": 2,
            "column": 4,
            "row": 1,
            "timestamp": "2025-02-22T00:31:35.589578"
        },
        {
            "move_number": 23,
            "player": 1,
            "column": 4,
            "row": 0,
            "timestamp": "2025-02-22T00:31:35.589692"
        },
        {
            "move_number": 24,
            "player": 2,
            "column": 6,
            "row": 4,
            "timestamp": "2025-02-22T00:31:37.589766"
        },
        {
            "move_number": 25,
            "player": 1,
            "column": 1,
            "row": 5,
            "timestamp": "2025-02-22T00:31:37.589871"
        },
        {
            "move_number": 26,
            "player": 2,
            "column": 1,
            "row": 4,
            "timestamp": "2025-02-22T00:31:39.589968"
        }
    ]
}