{
    "metadata": {
        "bot1": "HeuristicBot",
        "bot2": "MCTSBot",
        "game_number": 462,
        "ordering": "normal",
        "result": "MCTSBot"
    },
    "move_log": [
        {
            "move_number": 1,
            "player": 1,
            "column": 3,
            "row": 5,
            "timestamp": "2025-02-22T00:46:59.854894"
        },
        {
            "move_number": 2,
            "player": 2,
            "column": 2,
            "row": 5,
            "timestamp": "2025-02-22T00:47:01.854936"
        },
        {
            "move_number": 3,
            "player": 1,
            "column": 3,
            "row": 4,
            "timestamp": "2025-02-22T00:47:01.855071"
        },
        {
            "move_number": 4,
            "player": 2,
            "column": 2,
            "row": 4,
            "timestamp": "2025-02-22T00:47:03.855174"
        },
        {
            "move_number": 5,
            "player": 1,
            "column": 3,
            "row": 3,
            "timestamp": "2025-02-22T00:47:03.855295"
        },
        {
            "move_number": 6,
            "player": 2,
            "column": 3,
            "row": 2,
            "timestamp": "2025-02-22T00:47:05.855365"
        },
        {
            "move_number": 7,
            "player": 1,
            "column": 3,
            "row": 1,
            "timestamp": "2025-02-22T00:47:05.855506"
        },
        {
            "move_number": 8,
            "player": 2,
            "column": 2,
            "row": 3,
            "timestamp": "2025-02-22T00:47:07.855582"
        },
        {
            "move_number": 9,
            "player": 1,
            "column": 2,
            "row": 2,
            "timestamp": "2025-02-22T00:47:07.855664"
        },
        {
            "move_number": 10,
            "player": 2,
            "column": 0,
            "row": 5,
            "timestamp": "2025-02-22T00:47:09.855745"
        },
        {
            "move_number": 11,
            "player": 1,
            "column": 3,
            "row": 0,
            "timestamp": "2025-02-22T00:47:09.855876"
        },
        {
            "move_number": 12,
            "player": 2,
            "column": 5,
            "row": 5,
            "timestamp": "2025-02-22T00:47:11.855958"
        },
        {
            "move_number": 13,
            "player": 1,
            "column": 2,
            "row": 1,
            "timestamp": "2025-02-22T00:47:11.856079"
        },
        {
            "move_number": 14,
            "player": 2,
            "column": 5,
            "row": 4,
            "timestamp": "2025-02-22T00:47:13.856110"
        },
        {
            "move_number": 15,
            "player": 1,
            "column": 2,
            "row": 0,
            "timestamp": "2025-02-22T00:47:13.856229"
        },
        {
            "move_number": 16,
            "player": 2,
            "column": 5,
            "row": 3,
            "timestamp": "2025-02-22T00:47:15.856322"
        },
        {
            "move_number": 17,
            "player": 1,
            "column": 5,
            "row": 2,
            "timestamp": "2025-02-22T00:47:15.856419"
        },
        {
            "move_number": 18,
            "player": 2,
            "column": 6,
            "row": 5,
            "timestamp": "2025-02-22T00:47:17.856479"
        },
        {
            "move_number": 19,
            "player": 1,
            "column": 4,
            "row": 5,
            "timestamp": "2025-02-22T00:47:17.856597"
        },
        {
            "move_number": 20,
            "player": 2,
            "column": 0,
            "row": 4,
            "timestamp": "2025-02-22T00:47:19.856649"
        },
        {
            "move_number": 21,
            "player": 1,
            "column": 4,
            "row": 4,
            "timestamp": "2025-02-22T00:47:19.856760"
        },
        {
            "move_number": 22,
            "player": 2,
            "column": 4,
            "row": 3,
            "timestamp": "2025-02-22T00:47:21.856917"
        }
    ]
}