{
    "metadata": {
        "bot1": "MCTSBot",
        "bot2": "HeuristicBot",
        "game_number": 506,
        "ordering": "reversed",
        "result": "MCTSBot"
    },
    "move_log": [
        {
            "move_number": 1,
            "player": 1,
            "column": 3,
            "row": 5,
            "timestamp": "2025-02-22T01:03:22.103011"
        },
        {
            "move_number": 2,
            "player": 2,
            "column": 3,
            "row": 4,
            "timestamp": "2025-02-22T01:03:22.103342"
        },
        {
            "move_number": 3,
            "player": 1,
            "column": 2,
            "row": 5,
            "timestamp": "2025-02-22T01:03:24.103513"
        },
        {
            "move_number": 4,
            "player": 2,
            "column": 3,
            "row": 3,
            "timestamp": "2025-02-22T01:03:24.103714"
        },
        {
            "move_number": 5,
            "player": 1,
            "column": 1,
            "row": 5,
            "timestamp": "2025-02-22T01:03:26.103930"
        },
        {
            "move_number": 6,
            "player": 2,
            "column": 0,
            "row": 5,
            "timestamp": "2025-02-22T01:03:26.104012"
        },
        {
            "move_number": 7,
            "player": 1,
            "column": 4,
            "row": 5,
            "timestamp": "2025-02-22T01:03:28.104199"
        }
    ]
}