{
    "metadata": {
        "bot1": "HeuristicBot",
        "bot2": "MCTSBot",
        "game_number": 292,
        "ordering": "normal",
        "result": "HeuristicBot"
    },
    "move_log": [
        {
            "move_number": 1,
            "player": 1,
            "column": 3,
            "row": 5,
            "timestamp": "2025-02-21T23:42:30.738606"
        },
        {
            "move_number": 2,
            "player": 2,
            "column": 4,
            "row": 5,
            "timestamp": "2025-02-21T23:42:32.738730"
        },
        {
            "move_number": 3,
            "player": 1,
            "column": 3,
            "row": 4,
            "timestamp": "2025-02-21T23:42:32.738869"
        },
        {
            "move_number": 4,
            "player": 2,
            "column": 3,
            "row": 3,
            "timestamp": "2025-02-21T23:42:34.739162"
        },
        {
            "move_number": 5,
            "player": 1,
            "column": 3,
            "row": 2,
            "timestamp": "2025-02-21T23:42:34.739329"
        },
        {
            "move_number": 6,
            "player": 2,
            "column": 4,
            "row": 4,
            "timestamp": "2025-02-21T23:42:36.739499"
        },
        {
            "move_number": 7,
            "player": 1,
            "column": 3,
            "row": 1,
            "timestamp": "2025-02-21T23:42:36.739634"
        },
        {
            "move_number": 8,
            "player": 2,
            "column": 4,
            "row": 3,
            "timestamp": "2025-02-21T23:42:38.739702"
        },
        {
            "move_number": 9,
            "player": 1,
            "column": 4,
            "row": 2,
            "timestamp": "2025-02-21T23:42:38.739816"
        },
        {
            "move_number": 10,
            "player": 2,
            "column": 2,
            "row": 5,
            "timestamp": "2025-02-21T23:42:40.740000"
        },
        {
            "move_number": 11,
            "player": 1,
            "column": 3,
            "row": 0,
            "timestamp": "2025-02-21T23:42:40.740139"
        },
        {
            "move_number": 12,
            "player": 2,
            "column": 2,
            "row": 4,
            "timestamp": "2025-02-21T23:42:42.740187"
        },
        {
            "move_number": 13,
            "player": 1,
            "column": 2,
            "row": 3,
            "timestamp": "2025-02-21T23:42:42.740317"
        },
        {
            "move_number": 14,
            "player": 2,
            "column": 2,
            "row": 2,
            "timestamp": "2025-02-21T23:42:44.740558"
        },
        {
            "move_number": 15,
            "player": 1,
            "column": 5,
            "row": 5,
            "timestamp": "2025-02-21T23:42:44.740676"
        },
        {
            "move_number": 16,
            "player": 2,
            "column": 4,
            "row": 1,
            "timestamp": "2025-02-21T23:42:46.740770"
        },
        {
            "move_number": 17,
            "player": 1,
            "column": 2,
            "row": 1,
            "timestamp": "2025-02-21T23:42:46.740899"
        },
        {
            "move_number": 18,
            "player": 2,
            "column": 0,
            "row": 5,
            "timestamp": "2025-02-21T23:42:48.740945"
        },
        {
            "move_number": 19,
            "player": 1,
            "column": 2,
            "row": 0,
            "timestamp": "2025-02-21T23:42:48.741081"
        },
        {
            "move_number": 20,
            "player": 2,
            "column": 4,
            "row": 0,
            "timestamp": "2025-02-21T23:42:50.741168"
        },
        {
            "move_number": 21,
            "player": 1,
            "column": 1,
            "row": 5,
            "timestamp": "2025-02-21T23:42:50.741267"
        },
        {
            "move_number": 22,
            "player": 2,
            "column": 1,
            "row": 4,
            "timestamp": "2025-02-21T23:42:52.741440"
        },
        {
            "move_number": 23,
            "player": 1,
            "column": 1,
            "row": 3,
            "timestamp": "2025-02-21T23:42:52.741658"
        },
        {
            "move_number": 24,
            "player": 2,
            "column": 1,
            "row": 2,
            "timestamp": "2025-02-21T23:42:54.741742"
        },
        {
            "move_number": 25,
            "player": 1,
            "column": 1,
            "row": 1,
            "timestamp": "2025-02-21T23:42:54.741836"
        },
        {
            "move_number": 26,
            "player": 2,
            "column": 0,
            "row": 4,
            "timestamp": "2025-02-21T23:42:56.741977"
        },
        {
            "move_number": 27,
            "player": 1,
            "column": 1,
            "row": 0,
            "timestamp": "2025-02-21T23:42:56.742080"
        },
        {
            "move_number": 28,
            "player": 2,
            "column": 0,
            "row": 3,
            "timestamp": "2025-02-21T23:42:58.742141"
        },
        {
            "move_number": 29,
            "player": 1,
            "column": 0,
            "row": 2,
            "timestamp": "2025-02-21T23:42:58.742208"
        },
        {
            "move_number": 30,
            "player": 2,
            "column": 0,
            "row": 1,
            "timestamp": "2025-02-21T23:43:00.742272"
        },
        {
            "move_number": 31,
            "player": 1,
            "column": 0,
            "row": 0,
            "timestamp": "2025-02-21T23:43:00.742303"
        }
    ]
}