{
    "metadata": {
        "bot1": "HeuristicBot",
        "bot2": "MCTSBot",
        "game_number": 140,
        "ordering": "normal",
        "result": "MCTSBot"
    },
    "move_log": [
        {
            "move_number": 1,
            "player": 1,
            "column": 3,
            "row": 5,
            "timestamp": "2025-02-21T22:45:27.646375"
        },
        {
            "move_number": 2,
            "player": 2,
            "column": 2,
            "row": 5,
            "timestamp": "2025-02-21T22:45:29.646483"
        },
        {
            "move_number": 3,
            "player": 1,
            "column": 3,
            "row": 4,
            "timestamp": "2025-02-21T22:45:29.646605"
        },
        {
            "move_number": 4,
            "player": 2,
            "column": 3,
            "row": 3,
            "timestamp": "2025-02-21T22:45:31.646725"
        },
        {
            "move_number": 5,
            "player": 1,
            "column": 3,
            "row": 2,
            "timestamp": "2025-02-21T22:45:31.646892"
        },
        {
            "move_number": 6,
            "player": 2,
            "column": 2,
            "row": 4,
            "timestamp": "2025-02-21T22:45:33.647079"
        },
        {
            "move_number": 7,
            "player": 1,
            "column": 3,
            "row": 1,
            "timestamp": "2025-02-21T22:45:33.647233"
        },
        {
            "move_number": 8,
            "player": 2,
            "column": 2,
            "row": 3,
            "timestamp": "2025-02-21T22:45:35.647317"
        },
        {
            "move_number": 9,
            "player": 1,
            "column": 2,
            "row": 2,
            "timestamp": "2025-02-21T22:45:35.647406"
        },
        {
            "move_number": 10,
            "player": 2,
            "column": 6,
            "row": 5,
            "timestamp": "2025-02-21T22:45:37.647567"
        },
        {
            "move_number": 11,
            "player": 1,
            "column": 3,
            "row": 0,
            "timestamp": "2025-02-21T22:45:37.647768"
        },
        {
            "move_number": 12,
            "player": 2,
            "column": 6,
            "row": 4,
            "timestamp": "2025-02-21T22:45:39.647892"
        },
        {
            "move_number": 13,
            "player": 1,
            "column": 2,
            "row": 1,
            "timestamp": "2025-02-21T22:45:39.648021"
        },
        {
            "move_number": 14,
            "player": 2,
            "column": 6,
            "row": 3,
            "timestamp": "2025-02-21T22:45:41.648269"
        },
        {
            "move_number": 15,
            "player": 1,
            "column": 6,
            "row": 2,
            "timestamp": "2025-02-21T22:45:41.648646"
        },
        {
            "move_number": 16,
            "player": 2,
            "column": 1,
            "row": 5,
            "timestamp": "2025-02-21T22:45:43.648791"
        },
        {
            "move_number": 17,
            "player": 1,
            "column": 2,
            "row": 0,
            "timestamp": "2025-02-21T22:45:43.648920"
        },
        {
            "move_number": 18,
            "player": 2,
            "column": 4,
            "row": 5,
            "timestamp": "2025-02-21T22:45:45.649015"
        },
        {
            "move_number": 19,
            "player": 1,
            "column": 4,
            "row": 4,
            "timestamp": "2025-02-21T22:45:45.649135"
        },
        {
            "move_number": 20,
            "player": 2,
            "column": 4,
            "row": 3,
            "timestamp": "2025-02-21T22:45:47.649276"
        },
        {
            "move_number": 21,
            "player": 1,
            "column": 4,
            "row": 2,
            "timestamp": "2025-02-21T22:45:47.649380"
        },
        {
            "move_number": 22,
            "player": 2,
            "column": 5,
            "row": 5,
            "timestamp": "2025-02-21T22:45:49.649426"
        },
        {
            "move_number": 23,
            "player": 1,
            "column": 4,
            "row": 1,
            "timestamp": "2025-02-21T22:45:49.649561"
        },
        {
            "move_number": 24,
            "player": 2,
            "column": 4,
            "row": 0,
            "timestamp": "2025-02-21T22:45:51.649671"
        },
        {
            "move_number": 25,
            "player": 1,
            "column": 1,
            "row": 4,
            "timestamp": "2025-02-21T22:45:51.649784"
        },
        {
            "move_number": 26,
            "player": 2,
            "column": 1,
            "row": 3,
            "timestamp": "2025-02-21T22:45:53.649819"
        }
    ]
}