{
    "metadata": {
        "bot1": "HeuristicBot",
        "bot2": "MCTSBot",
        "game_number": 228,
        "ordering": "normal",
        "result": "MCTSBot"
    },
    "move_log": [
        {
            "move_number": 1,
            "player": 1,
            "column": 3,
            "row": 5,
            "timestamp": "2025-02-21T23:19:06.285201"
        },
        {
            "move_number": 2,
            "player": 2,
            "column": 2,
            "row": 5,
            "timestamp": "2025-02-21T23:19:08.285470"
        },
        {
            "move_number": 3,
            "player": 1,
            "column": 3,
            "row": 4,
            "timestamp": "2025-02-21T23:19:08.285623"
        },
        {
            "move_number": 4,
            "player": 2,
            "column": 3,
            "row": 3,
            "timestamp": "2025-02-21T23:19:10.285708"
        },
        {
            "move_number": 5,
            "player": 1,
            "column": 3,
            "row": 2,
            "timestamp": "2025-02-21T23:19:10.285833"
        },
        {
            "move_number": 6,
            "player": 2,
            "column": 2,
            "row": 4,
            "timestamp": "2025-02-21T23:19:12.285988"
        },
        {
            "move_number": 7,
            "player": 1,
            "column": 3,
            "row": 1,
            "timestamp": "2025-02-21T23:19:12.286131"
        },
        {
            "move_number": 8,
            "player": 2,
            "column": 2,
            "row": 3,
            "timestamp": "2025-02-21T23:19:14.286614"
        },
        {
            "move_number": 9,
            "player": 1,
            "column": 2,
            "row": 2,
            "timestamp": "2025-02-21T23:19:14.286859"
        },
        {
            "move_number": 10,
            "player": 2,
            "column": 4,
            "row": 5,
            "timestamp": "2025-02-21T23:19:16.286950"
        },
        {
            "move_number": 11,
            "player": 1,
            "column": 3,
            "row": 0,
            "timestamp": "2025-02-21T23:19:16.287092"
        },
        {
            "move_number": 12,
            "player": 2,
            "column": 1,
            "row": 5,
            "timestamp": "2025-02-21T23:19:18.287135"
        },
        {
            "move_number": 13,
            "player": 1,
            "column": 2,
            "row": 1,
            "timestamp": "2025-02-21T23:19:18.287278"
        },
        {
            "move_number": 14,
            "player": 2,
            "column": 4,
            "row": 4,
            "timestamp": "2025-02-21T23:19:20.287379"
        },
        {
            "move_number": 15,
            "player": 1,
            "column": 2,
            "row": 0,
            "timestamp": "2025-02-21T23:19:20.287551"
        },
        {
            "move_number": 16,
            "player": 2,
            "column": 4,
            "row": 3,
            "timestamp": "2025-02-21T23:19:22.287678"
        },
        {
            "move_number": 17,
            "player": 1,
            "column": 4,
            "row": 2,
            "timestamp": "2025-02-21T23:19:22.287788"
        },
        {
            "move_number": 18,
            "player": 2,
            "column": 6,
            "row": 5,
            "timestamp": "2025-02-21T23:19:24.287822"
        },
        {
            "move_number": 19,
            "player": 1,
            "column": 4,
            "row": 1,
            "timestamp": "2025-02-21T23:19:24.287934"
        },
        {
            "move_number": 20,
            "player": 2,
            "column": 4,
            "row": 0,
            "timestamp": "2025-02-21T23:19:26.288017"
        },
        {
            "move_number": 21,
            "player": 1,
            "column": 1,
            "row": 4,
            "timestamp": "2025-02-21T23:19:26.288119"
        },
        {
            "move_number": 22,
            "player": 2,
            "column": 1,
            "row": 3,
            "timestamp": "2025-02-21T23:19:28.288281"
        }
    ]
}