{
    "metadata": {
        "bot1": "HeuristicBot",
        "bot2": "MCTSBot",
        "game_number": 414,
        "ordering": "normal",
        "result": "MCTSBot"
    },
    "move_log": [
        {
            "move_number": 1,
            "player": 1,
            "column": 3,
            "row": 5,
            "timestamp": "2025-02-22T00:28:19.521954"
        },
        {
            "move_number": 2,
            "player": 2,
            "column": 2,
            "row": 5,
            "timestamp": "2025-02-22T00:28:21.522035"
        },
        {
            "move_number": 3,
            "player": 1,
            "column": 3,
            "row": 4,
            "timestamp": "2025-02-22T00:28:21.522154"
        },
        {
            "move_number": 4,
            "player": 2,
            "column": 3,
            "row": 3,
            "timestamp": "2025-02-22T00:28:23.522266"
        },
        {
            "move_number": 5,
            "player": 1,
            "column": 3,
            "row": 2,
            "timestamp": "2025-02-22T00:28:23.522405"
        },
        {
            "move_number": 6,
            "player": 2,
            "column": 2,
            "row": 4,
            "timestamp": "2025-02-22T00:28:25.522458"
        },
        {
            "move_number": 7,
            "player": 1,
            "column": 3,
            "row": 1,
            "timestamp": "2025-02-22T00:28:25.522586"
        },
        {
            "move_number": 8,
            "player": 2,
            "column": 2,
            "row": 3,
            "timestamp": "2025-02-22T00:28:27.522663"
        },
        {
            "move_number": 9,
            "player": 1,
            "column": 2,
            "row": 2,
            "timestamp": "2025-02-22T00:28:27.522761"
        },
        {
            "move_number": 10,
            "player": 2,
            "column": 6,
            "row": 5,
            "timestamp": "2025-02-22T00:28:29.522831"
        },
        {
            "move_number": 11,
            "player": 1,
            "column": 3,
            "row": 0,
            "timestamp": "2025-02-22T00:28:29.523005"
        },
        {
            "move_number": 12,
            "player": 2,
            "column": 6,
            "row": 4,
            "timestamp": "2025-02-22T00:28:31.523143"
        },
        {
            "move_number": 13,
            "player": 1,
            "column": 2,
            "row": 1,
            "timestamp": "2025-02-22T00:28:31.523269"
        },
        {
            "move_number": 14,
            "player": 2,
            "column": 6,
            "row": 3,
            "timestamp": "2025-02-22T00:28:33.523386"
        },
        {
            "move_number": 15,
            "player": 1,
            "column": 6,
            "row": 2,
            "timestamp": "2025-02-22T00:28:33.523503"
        },
        {
            "move_number": 16,
            "player": 2,
            "column": 1,
            "row": 5,
            "timestamp": "2025-02-22T00:28:35.523634"
        },
        {
            "move_number": 17,
            "player": 1,
            "column": 2,
            "row": 0,
            "timestamp": "2025-02-22T00:28:35.523766"
        },
        {
            "move_number": 18,
            "player": 2,
            "column": 4,
            "row": 5,
            "timestamp": "2025-02-22T00:28:37.523854"
        },
        {
            "move_number": 19,
            "player": 1,
            "column": 4,
            "row": 4,
            "timestamp": "2025-02-22T00:28:37.523967"
        },
        {
            "move_number": 20,
            "player": 2,
            "column": 4,
            "row": 3,
            "timestamp": "2025-02-22T00:28:39.524139"
        },
        {
            "move_number": 21,
            "player": 1,
            "column": 4,
            "row": 2,
            "timestamp": "2025-02-22T00:28:39.524235"
        },
        {
            "move_number": 22,
            "player": 2,
            "column": 6,
            "row": 1,
            "timestamp": "2025-02-22T00:28:41.524324"
        },
        {
            "move_number": 23,
            "player": 1,
            "column": 4,
            "row": 1,
            "timestamp": "2025-02-22T00:28:41.524565"
        },
        {
            "move_number": 24,
            "player": 2,
            "column": 4,
            "row": 0,
            "timestamp": "2025-02-22T00:28:43.524656"
        },
        {
            "move_number": 25,
            "player": 1,
            "column": 1,
            "row": 4,
            "timestamp": "2025-02-22T00:28:43.524760"
        },
        {
            "move_number": 26,
            "player": 2,
            "column": 1,
            "row": 3,
            "timestamp": "2025-02-22T00:28:45.524807"
        }
    ]
}