{
    "metadata": {
        "bot1": "HeuristicBot",
        "bot2": "MCTSBot",
        "game_number": 327,
        "ordering": "normal",
        "result": "MCTSBot"
    },
    "move_log": [
        {
            "move_number": 1,
            "player": 1,
            "column": 3,
            "row": 5,
            "timestamp": "2025-02-21T23:55:24.988376"
        },
        {
            "move_number": 2,
            "player": 2,
            "column": 4,
            "row": 5,
            "timestamp": "2025-02-21T23:55:26.988585"
        },
        {
            "move_number": 3,
            "player": 1,
            "column": 3,
            "row": 4,
            "timestamp": "2025-02-21T23:55:26.988689"
        },
        {
            "move_number": 4,
            "player": 2,
            "column": 3,
            "row": 3,
            "timestamp": "2025-02-21T23:55:28.988775"
        },
        {
            "move_number": 5,
            "player": 1,
            "column": 3,
            "row": 2,
            "timestamp": "2025-02-21T23:55:28.988892"
        },
        {
            "move_number": 6,
            "player": 2,
            "column": 4,
            "row": 4,
            "timestamp": "2025-02-21T23:55:30.989217"
        },
        {
            "move_number": 7,
            "player": 1,
            "column": 3,
            "row": 1,
            "timestamp": "2025-02-21T23:55:30.989421"
        },
        {
            "move_number": 8,
            "player": 2,
            "column": 4,
            "row": 3,
            "timestamp": "2025-02-21T23:55:32.989487"
        },
        {
            "move_number": 9,
            "player": 1,
            "column": 4,
            "row": 2,
            "timestamp": "2025-02-21T23:55:32.989593"
        },
        {
            "move_number": 10,
            "player": 2,
            "column": 2,
            "row": 5,
            "timestamp": "2025-02-21T23:55:34.989641"
        },
        {
            "move_number": 11,
            "player": 1,
            "column": 3,
            "row": 0,
            "timestamp": "2025-02-21T23:55:34.989771"
        },
        {
            "move_number": 12,
            "player": 2,
            "column": 2,
            "row": 4,
            "timestamp": "2025-02-21T23:55:36.989823"
        },
        {
            "move_number": 13,
            "player": 1,
            "column": 2,
            "row": 3,
            "timestamp": "2025-02-21T23:55:36.989937"
        },
        {
            "move_number": 14,
            "player": 2,
            "column": 2,
            "row": 2,
            "timestamp": "2025-02-21T23:55:38.990057"
        },
        {
            "move_number": 15,
            "player": 1,
            "column": 5,
            "row": 5,
            "timestamp": "2025-02-21T23:55:38.990165"
        },
        {
            "move_number": 16,
            "player": 2,
            "column": 4,
            "row": 1,
            "timestamp": "2025-02-21T23:55:40.990205"
        },
        {
            "move_number": 17,
            "player": 1,
            "column": 2,
            "row": 1,
            "timestamp": "2025-02-21T23:55:40.990333"
        },
        {
            "move_number": 18,
            "player": 2,
            "column": 0,
            "row": 5,
            "timestamp": "2025-02-21T23:55:42.990441"
        },
        {
            "move_number": 19,
            "player": 1,
            "column": 2,
            "row": 0,
            "timestamp": "2025-02-21T23:55:42.990566"
        },
        {
            "move_number": 20,
            "player": 2,
            "column": 0,
            "row": 4,
            "timestamp": "2025-02-21T23:55:44.990841"
        },
        {
            "move_number": 21,
            "player": 1,
            "column": 4,
            "row": 0,
            "timestamp": "2025-02-21T23:55:44.990954"
        },
        {
            "move_number": 22,
            "player": 2,
            "column": 0,
            "row": 3,
            "timestamp": "2025-02-21T23:55:46.991073"
        },
        {
            "move_number": 23,
            "player": 1,
            "column": 0,
            "row": 2,
            "timestamp": "2025-02-21T23:55:46.991142"
        },
        {
            "move_number": 24,
            "player": 2,
            "column": 0,
            "row": 1,
            "timestamp": "2025-02-21T23:55:48.991327"
        },
        {
            "move_number": 25,
            "player": 1,
            "column": 1,
            "row": 5,
            "timestamp": "2025-02-21T23:55:48.991514"
        },
        {
            "move_number": 26,
            "player": 2,
            "column": 1,
            "row": 4,
            "timestamp": "2025-02-21T23:55:50.991590"
        },
        {
            "move_number": 27,
            "player": 1,
            "column": 1,
            "row": 3,
            "timestamp": "2025-02-21T23:55:50.991687"
        },
        {
            "move_number": 28,
            "player": 2,
            "column": 6,
            "row": 5,
            "timestamp": "2025-02-21T23:55:52.991781"
        },
        {
            "move_number": 29,
            "player": 1,
            "column": 1,
            "row": 2,
            "timestamp": "2025-02-21T23:55:52.991889"
        },
        {
            "move_number": 30,
            "player": 2,
            "column": 1,
            "row": 1,
            "timestamp": "2025-02-21T23:55:54.991960"
        }
    ]
}