{
    "metadata": {
        "bot1": "HeuristicBot",
        "bot2": "MCTSBot",
        "game_number": 14,
        "ordering": "normal",
        "result": "MCTSBot"
    },
    "move_log": [
        {
            "move_number": 1,
            "player": 1,
            "column": 3,
            "row": 5,
            "timestamp": "2025-02-21T21:57:00.773257"
        },
        {
            "move_number": 2,
            "player": 2,
            "column": 2,
            "row": 5,
            "timestamp": "2025-02-21T21:57:02.773323"
        },
        {
            "move_number": 3,
            "player": 1,
            "column": 3,
            "row": 4,
            "timestamp": "2025-02-21T21:57:02.773423"
        },
        {
            "move_number": 4,
            "player": 2,
            "column": 3,
            "row": 3,
            "timestamp": "2025-02-21T21:57:04.773458"
        },
        {
            "move_number": 5,
            "player": 1,
            "column": 3,
            "row": 2,
            "timestamp": "2025-02-21T21:57:04.773565"
        },
        {
            "move_number": 6,
            "player": 2,
            "column": 2,
            "row": 4,
            "timestamp": "2025-02-21T21:57:06.773847"
        },
        {
            "move_number": 7,
            "player": 1,
            "column": 3,
            "row": 1,
            "timestamp": "2025-02-21T21:57:06.774071"
        },
        {
            "move_number": 8,
            "player": 2,
            "column": 2,
            "row": 3,
            "timestamp": "2025-02-21T21:57:08.774238"
        },
        {
            "move_number": 9,
            "player": 1,
            "column": 2,
            "row": 2,
            "timestamp": "2025-02-21T21:57:08.774324"
        },
        {
            "move_number": 10,
            "player": 2,
            "column": 4,
            "row": 5,
            "timestamp": "2025-02-21T21:57:10.774401"
        },
        {
            "move_number": 11,
            "player": 1,
            "column": 3,
            "row": 0,
            "timestamp": "2025-02-21T21:57:10.774521"
        },
        {
            "move_number": 12,
            "player": 2,
            "column": 4,
            "row": 4,
            "timestamp": "2025-02-21T21:57:12.774580"
        },
        {
            "move_number": 13,
            "player": 1,
            "column": 2,
            "row": 1,
            "timestamp": "2025-02-21T21:57:12.774687"
        },
        {
            "move_number": 14,
            "player": 2,
            "column": 4,
            "row": 3,
            "timestamp": "2025-02-21T21:57:14.774944"
        },
        {
            "move_number": 15,
            "player": 1,
            "column": 4,
            "row": 2,
            "timestamp": "2025-02-21T21:57:14.775067"
        },
        {
            "move_number": 16,
            "player": 2,
            "column": 2,
            "row": 0,
            "timestamp": "2025-02-21T21:57:16.775115"
        },
        {
            "move_number": 17,
            "player": 1,
            "column": 4,
            "row": 1,
            "timestamp": "2025-02-21T21:57:16.775213"
        },
        {
            "move_number": 18,
            "player": 2,
            "column": 4,
            "row": 0,
            "timestamp": "2025-02-21T21:57:18.775277"
        },
        {
            "move_number": 19,
            "player": 1,
            "column": 1,
            "row": 5,
            "timestamp": "2025-02-21T21:57:18.775363"
        },
        {
            "move_number": 20,
            "player": 2,
            "column": 5,
            "row": 5,
            "timestamp": "2025-02-21T21:57:20.775453"
        },
        {
            "move_number": 21,
            "player": 1,
            "column": 1,
            "row": 4,
            "timestamp": "2025-02-21T21:57:20.775542"
        },
        {
            "move_number": 22,
            "player": 2,
            "column": 1,
            "row": 3,
            "timestamp": "2025-02-21T21:57:22.775644"
        }
    ]
}