{
    "metadata": {
        "bot1": "HeuristicBot",
        "bot2": "MCTSBot",
        "game_number": 39,
        "ordering": "normal",
        "result": "MCTSBot"
    },
    "move_log": [
        {
            "move_number": 1,
            "player": 1,
            "column": 3,
            "row": 5,
            "timestamp": "2025-02-21T22:07:08.990439"
        },
        {
            "move_number": 2,
            "player": 2,
            "column": 2,
            "row": 5,
            "timestamp": "2025-02-21T22:07:10.990529"
        },
        {
            "move_number": 3,
            "player": 1,
            "column": 3,
            "row": 4,
            "timestamp": "2025-02-21T22:07:10.990743"
        },
        {
            "move_number": 4,
            "player": 2,
            "column": 2,
            "row": 4,
            "timestamp": "2025-02-21T22:07:12.991036"
        },
        {
            "move_number": 5,
            "player": 1,
            "column": 3,
            "row": 3,
            "timestamp": "2025-02-21T22:07:12.991675"
        },
        {
            "move_number": 6,
            "player": 2,
            "column": 3,
            "row": 2,
            "timestamp": "2025-02-21T22:07:14.992539"
        },
        {
            "move_number": 7,
            "player": 1,
            "column": 3,
            "row": 1,
            "timestamp": "2025-02-21T22:07:14.993676"
        },
        {
            "move_number": 8,
            "player": 2,
            "column": 2,
            "row": 3,
            "timestamp": "2025-02-21T22:07:16.993915"
        },
        {
            "move_number": 9,
            "player": 1,
            "column": 2,
            "row": 2,
            "timestamp": "2025-02-21T22:07:16.994155"
        },
        {
            "move_number": 10,
            "player": 2,
            "column": 0,
            "row": 5,
            "timestamp": "2025-02-21T22:07:18.994273"
        },
        {
            "move_number": 11,
            "player": 1,
            "column": 3,
            "row": 0,
            "timestamp": "2025-02-21T22:07:18.994594"
        },
        {
            "move_number": 12,
            "player": 2,
            "column": 5,
            "row": 5,
            "timestamp": "2025-02-21T22:07:20.994891"
        },
        {
            "move_number": 13,
            "player": 1,
            "column": 2,
            "row": 1,
            "timestamp": "2025-02-21T22:07:20.995367"
        },
        {
            "move_number": 14,
            "player": 2,
            "column": 5,
            "row": 4,
            "timestamp": "2025-02-21T22:07:22.995575"
        },
        {
            "move_number": 15,
            "player": 1,
            "column": 2,
            "row": 0,
            "timestamp": "2025-02-21T22:07:22.995744"
        },
        {
            "move_number": 16,
            "player": 2,
            "column": 5,
            "row": 3,
            "timestamp": "2025-02-21T22:07:24.995801"
        },
        {
            "move_number": 17,
            "player": 1,
            "column": 5,
            "row": 2,
            "timestamp": "2025-02-21T22:07:24.995984"
        },
        {
            "move_number": 18,
            "player": 2,
            "column": 6,
            "row": 5,
            "timestamp": "2025-02-21T22:07:26.996180"
        },
        {
            "move_number": 19,
            "player": 1,
            "column": 4,
            "row": 5,
            "timestamp": "2025-02-21T22:07:26.996331"
        },
        {
            "move_number": 20,
            "player": 2,
            "column": 0,
            "row": 4,
            "timestamp": "2025-02-21T22:07:28.996451"
        },
        {
            "move_number": 21,
            "player": 1,
            "column": 4,
            "row": 4,
            "timestamp": "2025-02-21T22:07:28.996611"
        },
        {
            "move_number": 22,
            "player": 2,
            "column": 4,
            "row": 3,
            "timestamp": "2025-02-21T22:07:30.996666"
        }
    ]
}