{
    "metadata": {
        "bot1": "HeuristicBot",
        "bot2": "MCTSBot",
        "game_number": 287,
        "ordering": "normal",
        "result": "MCTSBot"
    },
    "move_log": [
        {
            "move_number": 1,
            "player": 1,
            "column": 3,
            "row": 5,
            "timestamp": "2025-02-21T23:40:30.713509"
        },
        {
            "move_number": 2,
            "player": 2,
            "column": 3,
            "row": 4,
            "timestamp": "2025-02-21T23:40:32.713629"
        },
        {
            "move_number": 3,
            "player": 1,
            "column": 3,
            "row": 3,
            "timestamp": "2025-02-21T23:40:32.713755"
        },
        {
            "move_number": 4,
            "player": 2,
            "column": 2,
            "row": 5,
            "timestamp": "2025-02-21T23:40:34.714753"
        },
        {
            "move_number": 5,
            "player": 1,
            "column": 3,
            "row": 2,
            "timestamp": "2025-02-21T23:40:34.715185"
        },
        {
            "move_number": 6,
            "player": 2,
            "column": 2,
            "row": 4,
            "timestamp": "2025-02-21T23:40:36.715264"
        },
        {
            "move_number": 7,
            "player": 1,
            "column": 3,
            "row": 1,
            "timestamp": "2025-02-21T23:40:36.715408"
        },
        {
            "move_number": 8,
            "player": 2,
            "column": 3,
            "row": 0,
            "timestamp": "2025-02-21T23:40:38.715551"
        },
        {
            "move_number": 9,
            "player": 1,
            "column": 2,
            "row": 3,
            "timestamp": "2025-02-21T23:40:38.715732"
        },
        {
            "move_number": 10,
            "player": 2,
            "column": 2,
            "row": 2,
            "timestamp": "2025-02-21T23:40:40.715827"
        },
        {
            "move_number": 11,
            "player": 1,
            "column": 2,
            "row": 1,
            "timestamp": "2025-02-21T23:40:40.715955"
        },
        {
            "move_number": 12,
            "player": 2,
            "column": 0,
            "row": 5,
            "timestamp": "2025-02-21T23:40:42.716105"
        },
        {
            "move_number": 13,
            "player": 1,
            "column": 2,
            "row": 0,
            "timestamp": "2025-02-21T23:40:42.716237"
        },
        {
            "move_number": 14,
            "player": 2,
            "column": 0,
            "row": 4,
            "timestamp": "2025-02-21T23:40:44.716402"
        },
        {
            "move_number": 15,
            "player": 1,
            "column": 4,
            "row": 5,
            "timestamp": "2025-02-21T23:40:44.716532"
        },
        {
            "move_number": 16,
            "player": 2,
            "column": 0,
            "row": 3,
            "timestamp": "2025-02-21T23:40:46.716606"
        },
        {
            "move_number": 17,
            "player": 1,
            "column": 0,
            "row": 2,
            "timestamp": "2025-02-21T23:40:46.716681"
        },
        {
            "move_number": 18,
            "player": 2,
            "column": 6,
            "row": 5,
            "timestamp": "2025-02-21T23:40:48.716713"
        },
        {
            "move_number": 19,
            "player": 1,
            "column": 4,
            "row": 4,
            "timestamp": "2025-02-21T23:40:48.716827"
        },
        {
            "move_number": 20,
            "player": 2,
            "column": 4,
            "row": 3,
            "timestamp": "2025-02-21T23:40:50.716904"
        },
        {
            "move_number": 21,
            "player": 1,
            "column": 4,
            "row": 2,
            "timestamp": "2025-02-21T23:40:50.717026"
        },
        {
            "move_number": 22,
            "player": 2,
            "column": 4,
            "row": 1,
            "timestamp": "2025-02-21T23:40:52.717139"
        },
        {
            "move_number": 23,
            "player": 1,
            "column": 4,
            "row": 0,
            "timestamp": "2025-02-21T23:40:52.717267"
        },
        {
            "move_number": 24,
            "player": 2,
            "column": 6,
            "row": 4,
            "timestamp": "2025-02-21T23:40:54.717370"
        },
        {
            "move_number": 25,
            "player": 1,
            "column": 1,
            "row": 5,
            "timestamp": "2025-02-21T23:40:54.717478"
        },
        {
            "move_number": 26,
            "player": 2,
            "column": 1,
            "row": 4,
            "timestamp": "2025-02-21T23:40:56.717561"
        }
    ]
}