{
    "metadata": {
        "bot1": "HeuristicBot",
        "bot2": "MCTSBot",
        "game_number": 72,
        "ordering": "normal",
        "result": "MCTSBot"
    },
    "move_log": [
        {
            "move_number": 1,
            "player": 1,
            "column": 3,
            "row": 5,
            "timestamp": "2025-02-21T22:19:59.230288"
        },
        {
            "move_number": 2,
            "player": 2,
            "column": 3,
            "row": 4,
            "timestamp": "2025-02-21T22:20:01.230473"
        },
        {
            "move_number": 3,
            "player": 1,
            "column": 3,
            "row": 3,
            "timestamp": "2025-02-21T22:20:01.230787"
        },
        {
            "move_number": 4,
            "player": 2,
            "column": 2,
            "row": 5,
            "timestamp": "2025-02-21T22:20:03.230938"
        },
        {
            "move_number": 5,
            "player": 1,
            "column": 3,
            "row": 2,
            "timestamp": "2025-02-21T22:20:03.231064"
        },
        {
            "move_number": 6,
            "player": 2,
            "column": 2,
            "row": 4,
            "timestamp": "2025-02-21T22:20:05.231112"
        },
        {
            "move_number": 7,
            "player": 1,
            "column": 3,
            "row": 1,
            "timestamp": "2025-02-21T22:20:05.231267"
        },
        {
            "move_number": 8,
            "player": 2,
            "column": 3,
            "row": 0,
            "timestamp": "2025-02-21T22:20:07.231354"
        },
        {
            "move_number": 9,
            "player": 1,
            "column": 2,
            "row": 3,
            "timestamp": "2025-02-21T22:20:07.231493"
        },
        {
            "move_number": 10,
            "player": 2,
            "column": 5,
            "row": 5,
            "timestamp": "2025-02-21T22:20:09.231705"
        },
        {
            "move_number": 11,
            "player": 1,
            "column": 2,
            "row": 2,
            "timestamp": "2025-02-21T22:20:09.231957"
        },
        {
            "move_number": 12,
            "player": 2,
            "column": 5,
            "row": 4,
            "timestamp": "2025-02-21T22:20:11.232399"
        },
        {
            "move_number": 13,
            "player": 1,
            "column": 2,
            "row": 1,
            "timestamp": "2025-02-21T22:20:11.232766"
        },
        {
            "move_number": 14,
            "player": 2,
            "column": 2,
            "row": 0,
            "timestamp": "2025-02-21T22:20:13.232823"
        },
        {
            "move_number": 15,
            "player": 1,
            "column": 4,
            "row": 5,
            "timestamp": "2025-02-21T22:20:13.233008"
        },
        {
            "move_number": 16,
            "player": 2,
            "column": 4,
            "row": 4,
            "timestamp": "2025-02-21T22:20:15.233063"
        }
    ]
}