{
    "metadata": {
        "bot1": "HeuristicBot",
        "bot2": "MCTSBot",
        "game_number": 17,
        "ordering": "normal",
        "result": "MCTSBot"
    },
    "move_log": [
        {
            "move_number": 1,
            "player": 1,
            "column": 3,
            "row": 5,
            "timestamp": "2025-02-21T21:58:12.788425"
        },
        {
            "move_number": 2,
            "player": 2,
            "column": 2,
            "row": 5,
            "timestamp": "2025-02-21T21:58:14.788542"
        },
        {
            "move_number": 3,
            "player": 1,
            "column": 3,
            "row": 4,
            "timestamp": "2025-02-21T21:58:14.788642"
        },
        {
            "move_number": 4,
            "player": 2,
            "column": 2,
            "row": 4,
            "timestamp": "2025-02-21T21:58:16.788812"
        },
        {
            "move_number": 5,
            "player": 1,
            "column": 3,
            "row": 3,
            "timestamp": "2025-02-21T21:58:16.788919"
        },
        {
            "move_number": 6,
            "player": 2,
            "column": 3,
            "row": 2,
            "timestamp": "2025-02-21T21:58:18.788951"
        },
        {
            "move_number": 7,
            "player": 1,
            "column": 3,
            "row": 1,
            "timestamp": "2025-02-21T21:58:18.789172"
        },
        {
            "move_number": 8,
            "player": 2,
            "column": 2,
            "row": 3,
            "timestamp": "2025-02-21T21:58:20.789395"
        },
        {
            "move_number": 9,
            "player": 1,
            "column": 2,
            "row": 2,
            "timestamp": "2025-02-21T21:58:20.789535"
        },
        {
            "move_number": 10,
            "player": 2,
            "column": 0,
            "row": 5,
            "timestamp": "2025-02-21T21:58:22.789589"
        },
        {
            "move_number": 11,
            "player": 1,
            "column": 3,
            "row": 0,
            "timestamp": "2025-02-21T21:58:22.789742"
        },
        {
            "move_number": 12,
            "player": 2,
            "column": 5,
            "row": 5,
            "timestamp": "2025-02-21T21:58:24.789769"
        },
        {
            "move_number": 13,
            "player": 1,
            "column": 2,
            "row": 1,
            "timestamp": "2025-02-21T21:58:24.789871"
        },
        {
            "move_number": 14,
            "player": 2,
            "column": 5,
            "row": 4,
            "timestamp": "2025-02-21T21:58:26.789933"
        },
        {
            "move_number": 15,
            "player": 1,
            "column": 2,
            "row": 0,
            "timestamp": "2025-02-21T21:58:26.790036"
        },
        {
            "move_number": 16,
            "player": 2,
            "column": 5,
            "row": 3,
            "timestamp": "2025-02-21T21:58:28.790125"
        },
        {
            "move_number": 17,
            "player": 1,
            "column": 5,
            "row": 2,
            "timestamp": "2025-02-21T21:58:28.790221"
        },
        {
            "move_number": 18,
            "player": 2,
            "column": 6,
            "row": 5,
            "timestamp": "2025-02-21T21:58:30.790277"
        },
        {
            "move_number": 19,
            "player": 1,
            "column": 4,
            "row": 5,
            "timestamp": "2025-02-21T21:58:30.790380"
        },
        {
            "move_number": 20,
            "player": 2,
            "column": 0,
            "row": 4,
            "timestamp": "2025-02-21T21:58:32.790475"
        },
        {
            "move_number": 21,
            "player": 1,
            "column": 4,
            "row": 4,
            "timestamp": "2025-02-21T21:58:32.790569"
        },
        {
            "move_number": 22,
            "player": 2,
            "column": 4,
            "row": 3,
            "timestamp": "2025-02-21T21:58:34.790663"
        }
    ]
}