{
    "metadata": {
        "bot1": "HeuristicBot",
        "bot2": "MCTSBot",
        "game_number": 370,
        "ordering": "normal",
        "result": "MCTSBot"
    },
    "move_log": [
        {
            "move_number": 1,
            "player": 1,
            "column": 3,
            "row": 5,
            "timestamp": "2025-02-22T00:11:49.254363"
        },
        {
            "move_number": 2,
            "player": 2,
            "column": 5,
            "row": 5,
            "timestamp": "2025-02-22T00:11:51.254458"
        },
        {
            "move_number": 3,
            "player": 1,
            "column": 3,
            "row": 4,
            "timestamp": "2025-02-22T00:11:51.254593"
        },
        {
            "move_number": 4,
            "player": 2,
            "column": 3,
            "row": 3,
            "timestamp": "2025-02-22T00:11:53.254870"
        },
        {
            "move_number": 5,
            "player": 1,
            "column": 3,
            "row": 2,
            "timestamp": "2025-02-22T00:11:53.255012"
        },
        {
            "move_number": 6,
            "player": 2,
            "column": 5,
            "row": 4,
            "timestamp": "2025-02-22T00:11:55.255433"
        },
        {
            "move_number": 7,
            "player": 1,
            "column": 3,
            "row": 1,
            "timestamp": "2025-02-22T00:11:55.255736"
        },
        {
            "move_number": 8,
            "player": 2,
            "column": 5,
            "row": 3,
            "timestamp": "2025-02-22T00:11:57.255838"
        },
        {
            "move_number": 9,
            "player": 1,
            "column": 5,
            "row": 2,
            "timestamp": "2025-02-22T00:11:57.255956"
        },
        {
            "move_number": 10,
            "player": 2,
            "column": 2,
            "row": 5,
            "timestamp": "2025-02-22T00:11:59.256651"
        },
        {
            "move_number": 11,
            "player": 1,
            "column": 3,
            "row": 0,
            "timestamp": "2025-02-22T00:11:59.257066"
        },
        {
            "move_number": 12,
            "player": 2,
            "column": 2,
            "row": 4,
            "timestamp": "2025-02-22T00:12:01.257322"
        },
        {
            "move_number": 13,
            "player": 1,
            "column": 2,
            "row": 3,
            "timestamp": "2025-02-22T00:12:01.257448"
        },
        {
            "move_number": 14,
            "player": 2,
            "column": 2,
            "row": 2,
            "timestamp": "2025-02-22T00:12:03.257588"
        },
        {
            "move_number": 15,
            "player": 1,
            "column": 2,
            "row": 1,
            "timestamp": "2025-02-22T00:12:03.257712"
        },
        {
            "move_number": 16,
            "player": 2,
            "column": 0,
            "row": 5,
            "timestamp": "2025-02-22T00:12:05.257943"
        },
        {
            "move_number": 17,
            "player": 1,
            "column": 2,
            "row": 0,
            "timestamp": "2025-02-22T00:12:05.258127"
        },
        {
            "move_number": 18,
            "player": 2,
            "column": 0,
            "row": 4,
            "timestamp": "2025-02-22T00:12:07.258254"
        },
        {
            "move_number": 19,
            "player": 1,
            "column": 4,
            "row": 5,
            "timestamp": "2025-02-22T00:12:07.258365"
        },
        {
            "move_number": 20,
            "player": 2,
            "column": 4,
            "row": 4,
            "timestamp": "2025-02-22T00:12:09.258416"
        }
    ]
}