{
    "metadata": {
        "bot1": "HeuristicBot",
        "bot2": "MCTSBot",
        "game_number": 435,
        "ordering": "normal",
        "result": "MCTSBot"
    },
    "move_log": [
        {
            "move_number": 1,
            "player": 1,
            "column": 3,
            "row": 5,
            "timestamp": "2025-02-22T00:36:37.664564"
        },
        {
            "move_number": 2,
            "player": 2,
            "column": 2,
            "row": 5,
            "timestamp": "2025-02-22T00:36:39.664648"
        },
        {
            "move_number": 3,
            "player": 1,
            "column": 3,
            "row": 4,
            "timestamp": "2025-02-22T00:36:39.664777"
        },
        {
            "move_number": 4,
            "player": 2,
            "column": 3,
            "row": 3,
            "timestamp": "2025-02-22T00:36:41.664811"
        },
        {
            "move_number": 5,
            "player": 1,
            "column": 3,
            "row": 2,
            "timestamp": "2025-02-22T00:36:41.664963"
        },
        {
            "move_number": 6,
            "player": 2,
            "column": 2,
            "row": 4,
            "timestamp": "2025-02-22T00:36:43.665048"
        },
        {
            "move_number": 7,
            "player": 1,
            "column": 3,
            "row": 1,
            "timestamp": "2025-02-22T00:36:43.665193"
        },
        {
            "move_number": 8,
            "player": 2,
            "column": 2,
            "row": 3,
            "timestamp": "2025-02-22T00:36:45.665282"
        },
        {
            "move_number": 9,
            "player": 1,
            "column": 2,
            "row": 2,
            "timestamp": "2025-02-22T00:36:45.665377"
        },
        {
            "move_number": 10,
            "player": 2,
            "column": 6,
            "row": 5,
            "timestamp": "2025-02-22T00:36:47.665739"
        },
        {
            "move_number": 11,
            "player": 1,
            "column": 3,
            "row": 0,
            "timestamp": "2025-02-22T00:36:47.666016"
        },
        {
            "move_number": 12,
            "player": 2,
            "column": 6,
            "row": 4,
            "timestamp": "2025-02-22T00:36:49.666221"
        },
        {
            "move_number": 13,
            "player": 1,
            "column": 2,
            "row": 1,
            "timestamp": "2025-02-22T00:36:49.666370"
        },
        {
            "move_number": 14,
            "player": 2,
            "column": 6,
            "row": 3,
            "timestamp": "2025-02-22T00:36:51.666428"
        },
        {
            "move_number": 15,
            "player": 1,
            "column": 6,
            "row": 2,
            "timestamp": "2025-02-22T00:36:51.666560"
        },
        {
            "move_number": 16,
            "player": 2,
            "column": 1,
            "row": 5,
            "timestamp": "2025-02-22T00:36:53.666633"
        },
        {
            "move_number": 17,
            "player": 1,
            "column": 2,
            "row": 0,
            "timestamp": "2025-02-22T00:36:53.666778"
        },
        {
            "move_number": 18,
            "player": 2,
            "column": 4,
            "row": 5,
            "timestamp": "2025-02-22T00:36:55.666901"
        },
        {
            "move_number": 19,
            "player": 1,
            "column": 4,
            "row": 4,
            "timestamp": "2025-02-22T00:36:55.667012"
        },
        {
            "move_number": 20,
            "player": 2,
            "column": 4,
            "row": 3,
            "timestamp": "2025-02-22T00:36:57.667062"
        },
        {
            "move_number": 21,
            "player": 1,
            "column": 4,
            "row": 2,
            "timestamp": "2025-02-22T00:36:57.667157"
        },
        {
            "move_number": 22,
            "player": 2,
            "column": 0,
            "row": 5,
            "timestamp": "2025-02-22T00:36:59.667221"
        },
        {
            "move_number": 23,
            "player": 1,
            "column": 4,
            "row": 1,
            "timestamp": "2025-02-22T00:36:59.667338"
        },
        {
            "move_number": 24,
            "player": 2,
            "column": 0,
            "row": 4,
            "timestamp": "2025-02-22T00:37:01.667438"
        },
        {
            "move_number": 25,
            "player": 1,
            "column": 4,
            "row": 0,
            "timestamp": "2025-02-22T00:37:01.667569"
        },
        {
            "move_number": 26,
            "player": 2,
            "column": 0,
            "row": 3,
            "timestamp": "2025-02-22T00:37:03.667615"
        },
        {
            "move_number": 27,
            "player": 1,
            "column": 0,
            "row": 2,
            "timestamp": "2025-02-22T00:37:03.667688"
        },
        {
            "move_number": 28,
            "player": 2,
            "column": 5,
            "row": 5,
            "timestamp": "2025-02-22T00:37:05.667766"
        },
        {
            "move_number": 29,
            "player": 1,
            "column": 1,
            "row": 4,
            "timestamp": "2025-02-22T00:37:05.667870"
        },
        {
            "move_number": 30,
            "player": 2,
            "column": 1,
            "row": 3,
            "timestamp": "2025-02-22T00:37:07.667929"
        }
    ]
}