{
    "metadata": {
        "bot1": "HeuristicBot",
        "bot2": "MCTSBot",
        "game_number": 389,
        "ordering": "normal",
        "result": "MCTSBot"
    },
    "move_log": [
        {
            "move_number": 1,
            "player": 1,
            "column": 3,
            "row": 5,
            "timestamp": "2025-02-22T00:19:43.369338"
        },
        {
            "move_number": 2,
            "player": 2,
            "column": 4,
            "row": 5,
            "timestamp": "2025-02-22T00:19:45.369427"
        },
        {
            "move_number": 3,
            "player": 1,
            "column": 3,
            "row": 4,
            "timestamp": "2025-02-22T00:19:45.369561"
        },
        {
            "move_number": 4,
            "player": 2,
            "column": 3,
            "row": 3,
            "timestamp": "2025-02-22T00:19:47.369595"
        },
        {
            "move_number": 5,
            "player": 1,
            "column": 3,
            "row": 2,
            "timestamp": "2025-02-22T00:19:47.369723"
        },
        {
            "move_number": 6,
            "player": 2,
            "column": 4,
            "row": 4,
            "timestamp": "2025-02-22T00:19:49.369795"
        },
        {
            "move_number": 7,
            "player": 1,
            "column": 3,
            "row": 1,
            "timestamp": "2025-02-22T00:19:49.369941"
        },
        {
            "move_number": 8,
            "player": 2,
            "column": 4,
            "row": 3,
            "timestamp": "2025-02-22T00:19:51.370095"
        },
        {
            "move_number": 9,
            "player": 1,
            "column": 4,
            "row": 2,
            "timestamp": "2025-02-22T00:19:51.370219"
        },
        {
            "move_number": 10,
            "player": 2,
            "column": 2,
            "row": 5,
            "timestamp": "2025-02-22T00:19:53.370524"
        },
        {
            "move_number": 11,
            "player": 1,
            "column": 3,
            "row": 0,
            "timestamp": "2025-02-22T00:19:53.370631"
        },
        {
            "move_number": 12,
            "player": 2,
            "column": 5,
            "row": 5,
            "timestamp": "2025-02-22T00:19:55.370898"
        },
        {
            "move_number": 13,
            "player": 1,
            "column": 2,
            "row": 4,
            "timestamp": "2025-02-22T00:19:55.371020"
        },
        {
            "move_number": 14,
            "player": 2,
            "column": 2,
            "row": 3,
            "timestamp": "2025-02-22T00:19:57.371112"
        },
        {
            "move_number": 15,
            "player": 1,
            "column": 2,
            "row": 2,
            "timestamp": "2025-02-22T00:19:57.371214"
        },
        {
            "move_number": 16,
            "player": 2,
            "column": 1,
            "row": 5,
            "timestamp": "2025-02-22T00:19:59.371392"
        },
        {
            "move_number": 17,
            "player": 1,
            "column": 2,
            "row": 1,
            "timestamp": "2025-02-22T00:19:59.371702"
        },
        {
            "move_number": 18,
            "player": 2,
            "column": 2,
            "row": 0,
            "timestamp": "2025-02-22T00:20:01.371777"
        },
        {
            "move_number": 19,
            "player": 1,
            "column": 4,
            "row": 1,
            "timestamp": "2025-02-22T00:20:01.371897"
        },
        {
            "move_number": 20,
            "player": 2,
            "column": 4,
            "row": 0,
            "timestamp": "2025-02-22T00:20:03.371942"
        },
        {
            "move_number": 21,
            "player": 1,
            "column": 1,
            "row": 4,
            "timestamp": "2025-02-22T00:20:03.372039"
        },
        {
            "move_number": 22,
            "player": 2,
            "column": 1,
            "row": 3,
            "timestamp": "2025-02-22T00:20:05.372096"
        }
    ]
}