{
    "metadata": {
        "bot1": "HeuristicBot",
        "bot2": "MCTSBot",
        "game_number": 361,
        "ordering": "normal",
        "result": "MCTSBot"
    },
    "move_log": [
        {
            "move_number": 1,
            "player": 1,
            "column": 3,
            "row": 5,
            "timestamp": "2025-02-22T00:08:09.177962"
        },
        {
            "move_number": 2,
            "player": 2,
            "column": 4,
            "row": 5,
            "timestamp": "2025-02-22T00:08:11.178080"
        },
        {
            "move_number": 3,
            "player": 1,
            "column": 3,
            "row": 4,
            "timestamp": "2025-02-22T00:08:11.178202"
        },
        {
            "move_number": 4,
            "player": 2,
            "column": 3,
            "row": 3,
            "timestamp": "2025-02-22T00:08:13.178457"
        },
        {
            "move_number": 5,
            "player": 1,
            "column": 3,
            "row": 2,
            "timestamp": "2025-02-22T00:08:13.178572"
        },
        {
            "move_number": 6,
            "player": 2,
            "column": 4,
            "row": 4,
            "timestamp": "2025-02-22T00:08:15.178742"
        },
        {
            "move_number": 7,
            "player": 1,
            "column": 3,
            "row": 1,
            "timestamp": "2025-02-22T00:08:15.178880"
        },
        {
            "move_number": 8,
            "player": 2,
            "column": 4,
            "row": 3,
            "timestamp": "2025-02-22T00:08:17.178984"
        },
        {
            "move_number": 9,
            "player": 1,
            "column": 4,
            "row": 2,
            "timestamp": "2025-02-22T00:08:17.179076"
        },
        {
            "move_number": 10,
            "player": 2,
            "column": 0,
            "row": 5,
            "timestamp": "2025-02-22T00:08:19.179171"
        },
        {
            "move_number": 11,
            "player": 1,
            "column": 3,
            "row": 0,
            "timestamp": "2025-02-22T00:08:19.179306"
        },
        {
            "move_number": 12,
            "player": 2,
            "column": 0,
            "row": 4,
            "timestamp": "2025-02-22T00:08:21.179347"
        },
        {
            "move_number": 13,
            "player": 1,
            "column": 2,
            "row": 5,
            "timestamp": "2025-02-22T00:08:21.179462"
        },
        {
            "move_number": 14,
            "player": 2,
            "column": 0,
            "row": 3,
            "timestamp": "2025-02-22T00:08:23.179521"
        },
        {
            "move_number": 15,
            "player": 1,
            "column": 0,
            "row": 2,
            "timestamp": "2025-02-22T00:08:23.179607"
        },
        {
            "move_number": 16,
            "player": 2,
            "column": 5,
            "row": 5,
            "timestamp": "2025-02-22T00:08:25.179745"
        },
        {
            "move_number": 17,
            "player": 1,
            "column": 2,
            "row": 4,
            "timestamp": "2025-02-22T00:08:25.179868"
        },
        {
            "move_number": 18,
            "player": 2,
            "column": 2,
            "row": 3,
            "timestamp": "2025-02-22T00:08:27.179924"
        },
        {
            "move_number": 19,
            "player": 1,
            "column": 2,
            "row": 2,
            "timestamp": "2025-02-22T00:08:27.180068"
        },
        {
            "move_number": 20,
            "player": 2,
            "column": 2,
            "row": 1,
            "timestamp": "2025-02-22T00:08:29.180253"
        },
        {
            "move_number": 21,
            "player": 1,
            "column": 2,
            "row": 0,
            "timestamp": "2025-02-22T00:08:29.180677"
        },
        {
            "move_number": 22,
            "player": 2,
            "column": 0,
            "row": 1,
            "timestamp": "2025-02-22T00:08:31.180779"
        },
        {
            "move_number": 23,
            "player": 1,
            "column": 4,
            "row": 1,
            "timestamp": "2025-02-22T00:08:31.180894"
        },
        {
            "move_number": 24,
            "player": 2,
            "column": 6,
            "row": 5,
            "timestamp": "2025-02-22T00:08:33.181038"
        },
        {
            "move_number": 25,
            "player": 1,
            "column": 4,
            "row": 0,
            "timestamp": "2025-02-22T00:08:33.181319"
        },
        {
            "move_number": 26,
            "player": 2,
            "column": 6,
            "row": 4,
            "timestamp": "2025-02-22T00:08:35.181391"
        },
        {
            "move_number": 27,
            "player": 1,
            "column": 1,
            "row": 5,
            "timestamp": "2025-02-22T00:08:35.181499"
        },
        {
            "move_number": 28,
            "player": 2,
            "column": 6,
            "row": 3,
            "timestamp": "2025-02-22T00:08:37.181566"
        },
        {
            "move_number": 29,
            "player": 1,
            "column": 6,
            "row": 2,
            "timestamp": "2025-02-22T00:08:37.181664"
        },
        {
            "move_number": 30,
            "player": 2,
            "column": 0,
            "row": 0,
            "timestamp": "2025-02-22T00:08:39.181742"
        },
        {
            "move_number": 31,
            "player": 1,
            "column": 1,
            "row": 4,
            "timestamp": "2025-02-22T00:08:39.181876"
        },
        {
            "move_number": 32,
            "player": 2,
            "column": 1,
            "row": 3,
            "timestamp": "2025-02-22T00:08:41.181935"
        }
    ]
}