{
    "metadata": {
        "bot1": "HeuristicBot",
        "bot2": "MCTSBot",
        "game_number": 491,
        "ordering": "normal",
        "result": "MCTSBot"
    },
    "move_log": [
        {
            "move_number": 1,
            "player": 1,
            "column": 3,
            "row": 5,
            "timestamp": "2025-02-22T00:58:46.007728"
        },
        {
            "move_number": 2,
            "player": 2,
            "column": 4,
            "row": 5,
            "timestamp": "2025-02-22T00:58:48.007961"
        },
        {
            "move_number": 3,
            "player": 1,
            "column": 3,
            "row": 4,
            "timestamp": "2025-02-22T00:58:48.008080"
        },
        {
            "move_number": 4,
            "player": 2,
            "column": 4,
            "row": 4,
            "timestamp": "2025-02-22T00:58:50.008197"
        },
        {
            "move_number": 5,
            "player": 1,
            "column": 3,
            "row": 3,
            "timestamp": "2025-02-22T00:58:50.008333"
        },
        {
            "move_number": 6,
            "player": 2,
            "column": 3,
            "row": 2,
            "timestamp": "2025-02-22T00:58:52.008392"
        },
        {
            "move_number": 7,
            "player": 1,
            "column": 3,
            "row": 1,
            "timestamp": "2025-02-22T00:58:52.008565"
        },
        {
            "move_number": 8,
            "player": 2,
            "column": 4,
            "row": 3,
            "timestamp": "2025-02-22T00:58:54.008693"
        },
        {
            "move_number": 9,
            "player": 1,
            "column": 4,
            "row": 2,
            "timestamp": "2025-02-22T00:58:54.008801"
        },
        {
            "move_number": 10,
            "player": 2,
            "column": 6,
            "row": 5,
            "timestamp": "2025-02-22T00:58:56.009015"
        },
        {
            "move_number": 11,
            "player": 1,
            "column": 3,
            "row": 0,
            "timestamp": "2025-02-22T00:58:56.009217"
        },
        {
            "move_number": 12,
            "player": 2,
            "column": 1,
            "row": 5,
            "timestamp": "2025-02-22T00:58:58.009247"
        },
        {
            "move_number": 13,
            "player": 1,
            "column": 2,
            "row": 5,
            "timestamp": "2025-02-22T00:58:58.009365"
        },
        {
            "move_number": 14,
            "player": 2,
            "column": 1,
            "row": 4,
            "timestamp": "2025-02-22T00:59:00.009404"
        },
        {
            "move_number": 15,
            "player": 1,
            "column": 2,
            "row": 4,
            "timestamp": "2025-02-22T00:59:00.009521"
        },
        {
            "move_number": 16,
            "player": 2,
            "column": 2,
            "row": 3,
            "timestamp": "2025-02-22T00:59:02.009586"
        },
        {
            "move_number": 17,
            "player": 1,
            "column": 0,
            "row": 5,
            "timestamp": "2025-02-22T00:59:02.009785"
        },
        {
            "move_number": 18,
            "player": 2,
            "column": 4,
            "row": 1,
            "timestamp": "2025-02-22T00:59:04.009995"
        }
    ]
}