{
    "metadata": {
        "bot1": "HeuristicBot",
        "bot2": "MCTSBot",
        "game_number": 49,
        "ordering": "normal",
        "result": "MCTSBot"
    },
    "move_log": [
        {
            "move_number": 1,
            "player": 1,
            "column": 3,
            "row": 5,
            "timestamp": "2025-02-21T22:10:53.064793"
        },
        {
            "move_number": 2,
            "player": 2,
            "column": 2,
            "row": 5,
            "timestamp": "2025-02-21T22:10:55.064932"
        },
        {
            "move_number": 3,
            "player": 1,
            "column": 3,
            "row": 4,
            "timestamp": "2025-02-21T22:10:55.065071"
        },
        {
            "move_number": 4,
            "player": 2,
            "column": 2,
            "row": 4,
            "timestamp": "2025-02-21T22:10:57.065273"
        },
        {
            "move_number": 5,
            "player": 1,
            "column": 3,
            "row": 3,
            "timestamp": "2025-02-21T22:10:57.065396"
        },
        {
            "move_number": 6,
            "player": 2,
            "column": 3,
            "row": 2,
            "timestamp": "2025-02-21T22:10:59.065532"
        },
        {
            "move_number": 7,
            "player": 1,
            "column": 3,
            "row": 1,
            "timestamp": "2025-02-21T22:10:59.065648"
        },
        {
            "move_number": 8,
            "player": 2,
            "column": 2,
            "row": 3,
            "timestamp": "2025-02-21T22:11:01.065889"
        },
        {
            "move_number": 9,
            "player": 1,
            "column": 2,
            "row": 2,
            "timestamp": "2025-02-21T22:11:01.065985"
        },
        {
            "move_number": 10,
            "player": 2,
            "column": 0,
            "row": 5,
            "timestamp": "2025-02-21T22:11:03.066089"
        },
        {
            "move_number": 11,
            "player": 1,
            "column": 3,
            "row": 0,
            "timestamp": "2025-02-21T22:11:03.066219"
        },
        {
            "move_number": 12,
            "player": 2,
            "column": 5,
            "row": 5,
            "timestamp": "2025-02-21T22:11:05.066250"
        },
        {
            "move_number": 13,
            "player": 1,
            "column": 2,
            "row": 1,
            "timestamp": "2025-02-21T22:11:05.066374"
        },
        {
            "move_number": 14,
            "player": 2,
            "column": 5,
            "row": 4,
            "timestamp": "2025-02-21T22:11:07.066468"
        },
        {
            "move_number": 15,
            "player": 1,
            "column": 2,
            "row": 0,
            "timestamp": "2025-02-21T22:11:07.066594"
        },
        {
            "move_number": 16,
            "player": 2,
            "column": 5,
            "row": 3,
            "timestamp": "2025-02-21T22:11:09.066695"
        },
        {
            "move_number": 17,
            "player": 1,
            "column": 5,
            "row": 2,
            "timestamp": "2025-02-21T22:11:09.066793"
        },
        {
            "move_number": 18,
            "player": 2,
            "column": 6,
            "row": 5,
            "timestamp": "2025-02-21T22:11:11.066843"
        },
        {
            "move_number": 19,
            "player": 1,
            "column": 4,
            "row": 5,
            "timestamp": "2025-02-21T22:11:11.067068"
        },
        {
            "move_number": 20,
            "player": 2,
            "column": 0,
            "row": 4,
            "timestamp": "2025-02-21T22:11:13.067167"
        },
        {
            "move_number": 21,
            "player": 1,
            "column": 4,
            "row": 4,
            "timestamp": "2025-02-21T22:11:13.067290"
        },
        {
            "move_number": 22,
            "player": 2,
            "column": 4,
            "row": 3,
            "timestamp": "2025-02-21T22:11:15.067338"
        }
    ]
}