{
    "metadata": {
        "bot1": "HeuristicBot",
        "bot2": "MCTSBot",
        "game_number": 27,
        "ordering": "normal",
        "result": "MCTSBot"
    },
    "move_log": [
        {
            "move_number": 1,
            "player": 1,
            "column": 3,
            "row": 5,
            "timestamp": "2025-02-21T22:02:02.846445"
        },
        {
            "move_number": 2,
            "player": 2,
            "column": 4,
            "row": 5,
            "timestamp": "2025-02-21T22:02:04.846623"
        },
        {
            "move_number": 3,
            "player": 1,
            "column": 3,
            "row": 4,
            "timestamp": "2025-02-21T22:02:04.846761"
        },
        {
            "move_number": 4,
            "player": 2,
            "column": 3,
            "row": 3,
            "timestamp": "2025-02-21T22:02:06.846967"
        },
        {
            "move_number": 5,
            "player": 1,
            "column": 3,
            "row": 2,
            "timestamp": "2025-02-21T22:02:06.847104"
        },
        {
            "move_number": 6,
            "player": 2,
            "column": 4,
            "row": 4,
            "timestamp": "2025-02-21T22:02:08.847269"
        },
        {
            "move_number": 7,
            "player": 1,
            "column": 3,
            "row": 1,
            "timestamp": "2025-02-21T22:02:08.847399"
        },
        {
            "move_number": 8,
            "player": 2,
            "column": 4,
            "row": 3,
            "timestamp": "2025-02-21T22:02:10.847493"
        },
        {
            "move_number": 9,
            "player": 1,
            "column": 4,
            "row": 2,
            "timestamp": "2025-02-21T22:02:10.847614"
        },
        {
            "move_number": 10,
            "player": 2,
            "column": 2,
            "row": 5,
            "timestamp": "2025-02-21T22:02:12.847701"
        },
        {
            "move_number": 11,
            "player": 1,
            "column": 3,
            "row": 0,
            "timestamp": "2025-02-21T22:02:12.847836"
        },
        {
            "move_number": 12,
            "player": 2,
            "column": 2,
            "row": 4,
            "timestamp": "2025-02-21T22:02:14.848206"
        },
        {
            "move_number": 13,
            "player": 1,
            "column": 2,
            "row": 3,
            "timestamp": "2025-02-21T22:02:14.848484"
        },
        {
            "move_number": 14,
            "player": 2,
            "column": 2,
            "row": 2,
            "timestamp": "2025-02-21T22:02:16.848548"
        },
        {
            "move_number": 15,
            "player": 1,
            "column": 5,
            "row": 5,
            "timestamp": "2025-02-21T22:02:16.848690"
        },
        {
            "move_number": 16,
            "player": 2,
            "column": 4,
            "row": 1,
            "timestamp": "2025-02-21T22:02:18.848732"
        },
        {
            "move_number": 17,
            "player": 1,
            "column": 2,
            "row": 1,
            "timestamp": "2025-02-21T22:02:18.848863"
        },
        {
            "move_number": 18,
            "player": 2,
            "column": 0,
            "row": 5,
            "timestamp": "2025-02-21T22:02:20.849107"
        },
        {
            "move_number": 19,
            "player": 1,
            "column": 2,
            "row": 0,
            "timestamp": "2025-02-21T22:02:20.849271"
        },
        {
            "move_number": 20,
            "player": 2,
            "column": 1,
            "row": 5,
            "timestamp": "2025-02-21T22:02:22.849460"
        },
        {
            "move_number": 21,
            "player": 1,
            "column": 4,
            "row": 0,
            "timestamp": "2025-02-21T22:02:22.849774"
        },
        {
            "move_number": 22,
            "player": 2,
            "column": 1,
            "row": 4,
            "timestamp": "2025-02-21T22:02:24.849852"
        },
        {
            "move_number": 23,
            "player": 1,
            "column": 1,
            "row": 3,
            "timestamp": "2025-02-21T22:02:24.849979"
        },
        {
            "move_number": 24,
            "player": 2,
            "column": 1,
            "row": 2,
            "timestamp": "2025-02-21T22:02:26.850054"
        },
        {
            "move_number": 25,
            "player": 1,
            "column": 1,
            "row": 1,
            "timestamp": "2025-02-21T22:02:26.850356"
        },
        {
            "move_number": 26,
            "player": 2,
            "column": 1,
            "row": 0,
            "timestamp": "2025-02-21T22:02:28.850632"
        },
        {
            "move_number": 27,
            "player": 1,
            "column": 5,
            "row": 4,
            "timestamp": "2025-02-21T22:02:28.850933"
        },
        {
            "move_number": 28,
            "player": 2,
            "column": 5,
            "row": 3,
            "timestamp": "2025-02-21T22:02:30.851016"
        },
        {
            "move_number": 29,
            "player": 1,
            "column": 5,
            "row": 2,
            "timestamp": "2025-02-21T22:02:30.851182"
        },
        {
            "move_number": 30,
            "player": 2,
            "column": 6,
            "row": 5,
            "timestamp": "2025-02-21T22:02:32.851277"
        },
        {
            "move_number": 31,
            "player": 1,
            "column": 5,
            "row": 1,
            "timestamp": "2025-02-21T22:02:32.851390"
        },
        {
            "move_number": 32,
            "player": 2,
            "column": 5,
            "row": 0,
            "timestamp": "2025-02-21T22:02:34.851455"
        },
        {
            "move_number": 33,
            "player": 1,
            "column": 0,
            "row": 4,
            "timestamp": "2025-02-21T22:02:34.851554"
        },
        {
            "move_number": 34,
            "player": 2,
            "column": 0,
            "row": 3,
            "timestamp": "2025-02-21T22:02:36.851648"
        },
        {
            "move_number": 35,
            "player": 1,
            "column": 0,
            "row": 2,
            "timestamp": "2025-02-21T22:02:36.851805"
        },
        {
            "move_number": 36,
            "player": 2,
            "column": 0,
            "row": 1,
            "timestamp": "2025-02-21T22:02:38.851934"
        },
        {
            "move_number": 37,
            "player": 1,
            "column": 0,
            "row": 0,
            "timestamp": "2025-02-21T22:02:38.852025"
        },
        {
            "move_number": 38,
            "player": 2,
            "column": 6,
            "row": 4,
            "timestamp": "2025-02-21T22:02:40.852197"
        },
        {
            "move_number": 39,
            "player": 1,
            "column": 6,
            "row": 3,
            "timestamp": "2025-02-21T22:02:40.852318"
        },
        {
            "move_number": 40,
            "player": 2,
            "column": 6,
            "row": 2,
            "timestamp": "2025-02-21T22:02:42.852430"
        },
        {
            "move_number": 41,
            "player": 1,
            "column": 6,
            "row": 1,
            "timestamp": "2025-02-21T22:02:42.852503"
        },
        {
            "move_number": 42,
            "player": 2,
            "column": 6,
            "row": 0,
            "timestamp": "2025-02-21T22:02:44.852545"
        }
    ]
}