{
    "metadata": {
        "bot1": "HeuristicBot",
        "bot2": "MCTSBot",
        "game_number": 298,
        "ordering": "normal",
        "result": "MCTSBot"
    },
    "move_log": [
        {
            "move_number": 1,
            "player": 1,
            "column": 3,
            "row": 5,
            "timestamp": "2025-02-21T23:44:42.765792"
        },
        {
            "move_number": 2,
            "player": 2,
            "column": 4,
            "row": 5,
            "timestamp": "2025-02-21T23:44:44.765882"
        },
        {
            "move_number": 3,
            "player": 1,
            "column": 3,
            "row": 4,
            "timestamp": "2025-02-21T23:44:44.766222"
        },
        {
            "move_number": 4,
            "player": 2,
            "column": 3,
            "row": 3,
            "timestamp": "2025-02-21T23:44:46.766304"
        },
        {
            "move_number": 5,
            "player": 1,
            "column": 3,
            "row": 2,
            "timestamp": "2025-02-21T23:44:46.766432"
        },
        {
            "move_number": 6,
            "player": 2,
            "column": 4,
            "row": 4,
            "timestamp": "2025-02-21T23:44:48.766614"
        },
        {
            "move_number": 7,
            "player": 1,
            "column": 3,
            "row": 1,
            "timestamp": "2025-02-21T23:44:48.766737"
        },
        {
            "move_number": 8,
            "player": 2,
            "column": 4,
            "row": 3,
            "timestamp": "2025-02-21T23:44:50.767050"
        },
        {
            "move_number": 9,
            "player": 1,
            "column": 4,
            "row": 2,
            "timestamp": "2025-02-21T23:44:50.767173"
        },
        {
            "move_number": 10,
            "player": 2,
            "column": 2,
            "row": 5,
            "timestamp": "2025-02-21T23:44:52.767252"
        },
        {
            "move_number": 11,
            "player": 1,
            "column": 3,
            "row": 0,
            "timestamp": "2025-02-21T23:44:52.767365"
        },
        {
            "move_number": 12,
            "player": 2,
            "column": 2,
            "row": 4,
            "timestamp": "2025-02-21T23:44:54.767632"
        },
        {
            "move_number": 13,
            "player": 1,
            "column": 2,
            "row": 3,
            "timestamp": "2025-02-21T23:44:54.767871"
        },
        {
            "move_number": 14,
            "player": 2,
            "column": 2,
            "row": 2,
            "timestamp": "2025-02-21T23:44:56.768095"
        },
        {
            "move_number": 15,
            "player": 1,
            "column": 5,
            "row": 5,
            "timestamp": "2025-02-21T23:44:56.768214"
        },
        {
            "move_number": 16,
            "player": 2,
            "column": 4,
            "row": 1,
            "timestamp": "2025-02-21T23:44:58.768299"
        },
        {
            "move_number": 17,
            "player": 1,
            "column": 2,
            "row": 1,
            "timestamp": "2025-02-21T23:44:58.768422"
        },
        {
            "move_number": 18,
            "player": 2,
            "column": 0,
            "row": 5,
            "timestamp": "2025-02-21T23:45:00.768515"
        },
        {
            "move_number": 19,
            "player": 1,
            "column": 2,
            "row": 0,
            "timestamp": "2025-02-21T23:45:00.768645"
        },
        {
            "move_number": 20,
            "player": 2,
            "column": 1,
            "row": 5,
            "timestamp": "2025-02-21T23:45:02.768969"
        },
        {
            "move_number": 21,
            "player": 1,
            "column": 4,
            "row": 0,
            "timestamp": "2025-02-21T23:45:02.769265"
        },
        {
            "move_number": 22,
            "player": 2,
            "column": 1,
            "row": 4,
            "timestamp": "2025-02-21T23:45:04.769376"
        },
        {
            "move_number": 23,
            "player": 1,
            "column": 1,
            "row": 3,
            "timestamp": "2025-02-21T23:45:04.769475"
        },
        {
            "move_number": 24,
            "player": 2,
            "column": 1,
            "row": 2,
            "timestamp": "2025-02-21T23:45:06.769685"
        },
        {
            "move_number": 25,
            "player": 1,
            "column": 1,
            "row": 1,
            "timestamp": "2025-02-21T23:45:06.769935"
        },
        {
            "move_number": 26,
            "player": 2,
            "column": 1,
            "row": 0,
            "timestamp": "2025-02-21T23:45:08.770068"
        },
        {
            "move_number": 27,
            "player": 1,
            "column": 5,
            "row": 4,
            "timestamp": "2025-02-21T23:45:08.770159"
        },
        {
            "move_number": 28,
            "player": 2,
            "column": 5,
            "row": 3,
            "timestamp": "2025-02-21T23:45:10.770232"
        },
        {
            "move_number": 29,
            "player": 1,
            "column": 5,
            "row": 2,
            "timestamp": "2025-02-21T23:45:10.770318"
        },
        {
            "move_number": 30,
            "player": 2,
            "column": 6,
            "row": 5,
            "timestamp": "2025-02-21T23:45:12.770383"
        },
        {
            "move_number": 31,
            "player": 1,
            "column": 5,
            "row": 1,
            "timestamp": "2025-02-21T23:45:12.770479"
        },
        {
            "move_number": 32,
            "player": 2,
            "column": 5,
            "row": 0,
            "timestamp": "2025-02-21T23:45:14.770526"
        },
        {
            "move_number": 33,
            "player": 1,
            "column": 0,
            "row": 4,
            "timestamp": "2025-02-21T23:45:14.770594"
        },
        {
            "move_number": 34,
            "player": 2,
            "column": 0,
            "row": 3,
            "timestamp": "2025-02-21T23:45:16.770697"
        },
        {
            "move_number": 35,
            "player": 1,
            "column": 0,
            "row": 2,
            "timestamp": "2025-02-21T23:45:16.770768"
        },
        {
            "move_number": 36,
            "player": 2,
            "column": 0,
            "row": 1,
            "timestamp": "2025-02-21T23:45:18.770810"
        },
        {
            "move_number": 37,
            "player": 1,
            "column": 0,
            "row": 0,
            "timestamp": "2025-02-21T23:45:18.770882"
        },
        {
            "move_number": 38,
            "player": 2,
            "column": 6,
            "row": 4,
            "timestamp": "2025-02-21T23:45:20.770939"
        },
        {
            "move_number": 39,
            "player": 1,
            "column": 6,
            "row": 3,
            "timestamp": "2025-02-21T23:45:20.770981"
        },
        {
            "move_number": 40,
            "player": 2,
            "column": 6,
            "row": 2,
            "timestamp": "2025-02-21T23:45:22.771035"
        },
        {
            "move_number": 41,
            "player": 1,
            "column": 6,
            "row": 1,
            "timestamp": "2025-02-21T23:45:22.771091"
        },
        {
            "move_number": 42,
            "player": 2,
            "column": 6,
            "row": 0,
            "timestamp": "2025-02-21T23:45:24.771131"
        }
    ]
}