{
    "metadata": {
        "bot1": "HeuristicBot",
        "bot2": "MCTSBot",
        "game_number": 191,
        "ordering": "normal",
        "result": "MCTSBot"
    },
    "move_log": [
        {
            "move_number": 1,
            "player": 1,
            "column": 3,
            "row": 5,
            "timestamp": "2025-02-21T23:05:08.006367"
        },
        {
            "move_number": 2,
            "player": 2,
            "column": 4,
            "row": 5,
            "timestamp": "2025-02-21T23:05:10.006481"
        },
        {
            "move_number": 3,
            "player": 1,
            "column": 3,
            "row": 4,
            "timestamp": "2025-02-21T23:05:10.006733"
        },
        {
            "move_number": 4,
            "player": 2,
            "column": 3,
            "row": 3,
            "timestamp": "2025-02-21T23:05:12.006866"
        },
        {
            "move_number": 5,
            "player": 1,
            "column": 3,
            "row": 2,
            "timestamp": "2025-02-21T23:05:12.006992"
        },
        {
            "move_number": 6,
            "player": 2,
            "column": 4,
            "row": 4,
            "timestamp": "2025-02-21T23:05:14.007047"
        },
        {
            "move_number": 7,
            "player": 1,
            "column": 3,
            "row": 1,
            "timestamp": "2025-02-21T23:05:14.007165"
        },
        {
            "move_number": 8,
            "player": 2,
            "column": 4,
            "row": 3,
            "timestamp": "2025-02-21T23:05:16.007337"
        },
        {
            "move_number": 9,
            "player": 1,
            "column": 4,
            "row": 2,
            "timestamp": "2025-02-21T23:05:16.007442"
        },
        {
            "move_number": 10,
            "player": 2,
            "column": 0,
            "row": 5,
            "timestamp": "2025-02-21T23:05:18.007562"
        },
        {
            "move_number": 11,
            "player": 1,
            "column": 3,
            "row": 0,
            "timestamp": "2025-02-21T23:05:18.007704"
        },
        {
            "move_number": 12,
            "player": 2,
            "column": 0,
            "row": 4,
            "timestamp": "2025-02-21T23:05:20.007829"
        },
        {
            "move_number": 13,
            "player": 1,
            "column": 2,
            "row": 5,
            "timestamp": "2025-02-21T23:05:20.007943"
        },
        {
            "move_number": 14,
            "player": 2,
            "column": 0,
            "row": 3,
            "timestamp": "2025-02-21T23:05:22.008008"
        },
        {
            "move_number": 15,
            "player": 1,
            "column": 0,
            "row": 2,
            "timestamp": "2025-02-21T23:05:22.008110"
        },
        {
            "move_number": 16,
            "player": 2,
            "column": 2,
            "row": 4,
            "timestamp": "2025-02-21T23:05:24.008582"
        },
        {
            "move_number": 17,
            "player": 1,
            "column": 2,
            "row": 3,
            "timestamp": "2025-02-21T23:05:24.008976"
        },
        {
            "move_number": 18,
            "player": 2,
            "column": 2,
            "row": 2,
            "timestamp": "2025-02-21T23:05:26.009056"
        },
        {
            "move_number": 19,
            "player": 1,
            "column": 5,
            "row": 5,
            "timestamp": "2025-02-21T23:05:26.009170"
        },
        {
            "move_number": 20,
            "player": 2,
            "column": 4,
            "row": 1,
            "timestamp": "2025-02-21T23:05:28.009223"
        },
        {
            "move_number": 21,
            "player": 1,
            "column": 2,
            "row": 1,
            "timestamp": "2025-02-21T23:05:28.009353"
        },
        {
            "move_number": 22,
            "player": 2,
            "column": 0,
            "row": 1,
            "timestamp": "2025-02-21T23:05:30.009400"
        },
        {
            "move_number": 23,
            "player": 1,
            "column": 2,
            "row": 0,
            "timestamp": "2025-02-21T23:05:30.009528"
        },
        {
            "move_number": 24,
            "player": 2,
            "column": 4,
            "row": 0,
            "timestamp": "2025-02-21T23:05:32.009680"
        },
        {
            "move_number": 25,
            "player": 1,
            "column": 1,
            "row": 5,
            "timestamp": "2025-02-21T23:05:32.009795"
        },
        {
            "move_number": 26,
            "player": 2,
            "column": 1,
            "row": 4,
            "timestamp": "2025-02-21T23:05:34.009835"
        },
        {
            "move_number": 27,
            "player": 1,
            "column": 1,
            "row": 3,
            "timestamp": "2025-02-21T23:05:34.009936"
        },
        {
            "move_number": 28,
            "player": 2,
            "column": 0,
            "row": 0,
            "timestamp": "2025-02-21T23:05:36.010048"
        },
        {
            "move_number": 29,
            "player": 1,
            "column": 1,
            "row": 2,
            "timestamp": "2025-02-21T23:05:36.010130"
        },
        {
            "move_number": 30,
            "player": 2,
            "column": 1,
            "row": 1,
            "timestamp": "2025-02-21T23:05:38.010231"
        }
    ]
}