{
    "metadata": {
        "bot1": "HeuristicBot",
        "bot2": "MCTSBot",
        "game_number": 254,
        "ordering": "normal",
        "result": "MCTSBot"
    },
    "move_log": [
        {
            "move_number": 1,
            "player": 1,
            "column": 3,
            "row": 5,
            "timestamp": "2025-02-21T23:28:22.435323"
        },
        {
            "move_number": 2,
            "player": 2,
            "column": 4,
            "row": 5,
            "timestamp": "2025-02-21T23:28:24.435564"
        },
        {
            "move_number": 3,
            "player": 1,
            "column": 3,
            "row": 4,
            "timestamp": "2025-02-21T23:28:24.435683"
        },
        {
            "move_number": 4,
            "player": 2,
            "column": 4,
            "row": 4,
            "timestamp": "2025-02-21T23:28:26.435813"
        },
        {
            "move_number": 5,
            "player": 1,
            "column": 3,
            "row": 3,
            "timestamp": "2025-02-21T23:28:26.435929"
        },
        {
            "move_number": 6,
            "player": 2,
            "column": 3,
            "row": 2,
            "timestamp": "2025-02-21T23:28:28.436042"
        },
        {
            "move_number": 7,
            "player": 1,
            "column": 3,
            "row": 1,
            "timestamp": "2025-02-21T23:28:28.436165"
        },
        {
            "move_number": 8,
            "player": 2,
            "column": 4,
            "row": 3,
            "timestamp": "2025-02-21T23:28:30.436364"
        },
        {
            "move_number": 9,
            "player": 1,
            "column": 4,
            "row": 2,
            "timestamp": "2025-02-21T23:28:30.436468"
        },
        {
            "move_number": 10,
            "player": 2,
            "column": 6,
            "row": 5,
            "timestamp": "2025-02-21T23:28:32.436559"
        },
        {
            "move_number": 11,
            "player": 1,
            "column": 3,
            "row": 0,
            "timestamp": "2025-02-21T23:28:32.436683"
        },
        {
            "move_number": 12,
            "player": 2,
            "column": 1,
            "row": 5,
            "timestamp": "2025-02-21T23:28:34.436920"
        },
        {
            "move_number": 13,
            "player": 1,
            "column": 2,
            "row": 5,
            "timestamp": "2025-02-21T23:28:34.437151"
        },
        {
            "move_number": 14,
            "player": 2,
            "column": 1,
            "row": 4,
            "timestamp": "2025-02-21T23:28:36.437558"
        },
        {
            "move_number": 15,
            "player": 1,
            "column": 2,
            "row": 4,
            "timestamp": "2025-02-21T23:28:36.437696"
        },
        {
            "move_number": 16,
            "player": 2,
            "column": 2,
            "row": 3,
            "timestamp": "2025-02-21T23:28:38.437777"
        },
        {
            "move_number": 17,
            "player": 1,
            "column": 0,
            "row": 5,
            "timestamp": "2025-02-21T23:28:38.437904"
        },
        {
            "move_number": 18,
            "player": 2,
            "column": 4,
            "row": 1,
            "timestamp": "2025-02-21T23:28:40.438151"
        }
    ]
}