{
    "metadata": {
        "bot1": "HeuristicBot",
        "bot2": "MCTSBot",
        "game_number": 377,
        "ordering": "normal",
        "result": "HeuristicBot"
    },
    "move_log": [
        {
            "move_number": 1,
            "player": 1,
            "column": 3,
            "row": 5,
            "timestamp": "2025-02-22T00:14:47.302821"
        },
        {
            "move_number": 2,
            "player": 2,
            "column": 3,
            "row": 4,
            "timestamp": "2025-02-22T00:14:49.302867"
        },
        {
            "move_number": 3,
            "player": 1,
            "column": 3,
            "row": 3,
            "timestamp": "2025-02-22T00:14:49.302997"
        },
        {
            "move_number": 4,
            "player": 2,
            "column": 2,
            "row": 5,
            "timestamp": "2025-02-22T00:14:51.303105"
        },
        {
            "move_number": 5,
            "player": 1,
            "column": 3,
            "row": 2,
            "timestamp": "2025-02-22T00:14:51.303226"
        },
        {
            "move_number": 6,
            "player": 2,
            "column": 2,
            "row": 4,
            "timestamp": "2025-02-22T00:14:53.303505"
        },
        {
            "move_number": 7,
            "player": 1,
            "column": 3,
            "row": 1,
            "timestamp": "2025-02-22T00:14:53.303639"
        },
        {
            "move_number": 8,
            "player": 2,
            "column": 3,
            "row": 0,
            "timestamp": "2025-02-22T00:14:55.303700"
        },
        {
            "move_number": 9,
            "player": 1,
            "column": 2,
            "row": 3,
            "timestamp": "2025-02-22T00:14:55.303840"
        },
        {
            "move_number": 10,
            "player": 2,
            "column": 6,
            "row": 5,
            "timestamp": "2025-02-22T00:14:57.304089"
        },
        {
            "move_number": 11,
            "player": 1,
            "column": 2,
            "row": 2,
            "timestamp": "2025-02-22T00:14:57.304207"
        },
        {
            "move_number": 12,
            "player": 2,
            "column": 2,
            "row": 1,
            "timestamp": "2025-02-22T00:14:59.304329"
        },
        {
            "move_number": 13,
            "player": 1,
            "column": 2,
            "row": 0,
            "timestamp": "2025-02-22T00:14:59.304448"
        },
        {
            "move_number": 14,
            "player": 2,
            "column": 5,
            "row": 5,
            "timestamp": "2025-02-22T00:15:01.304618"
        },
        {
            "move_number": 15,
            "player": 1,
            "column": 4,
            "row": 5,
            "timestamp": "2025-02-22T00:15:01.304733"
        },
        {
            "move_number": 16,
            "player": 2,
            "column": 4,
            "row": 4,
            "timestamp": "2025-02-22T00:15:03.304764"
        },
        {
            "move_number": 17,
            "player": 1,
            "column": 5,
            "row": 4,
            "timestamp": "2025-02-22T00:15:03.304861"
        },
        {
            "move_number": 18,
            "player": 2,
            "column": 4,
            "row": 3,
            "timestamp": "2025-02-22T00:15:05.304911"
        },
        {
            "move_number": 19,
            "player": 1,
            "column": 4,
            "row": 2,
            "timestamp": "2025-02-22T00:15:05.305025"
        },
        {
            "move_number": 20,
            "player": 2,
            "column": 5,
            "row": 3,
            "timestamp": "2025-02-22T00:15:07.305070"
        },
        {
            "move_number": 21,
            "player": 1,
            "column": 5,
            "row": 2,
            "timestamp": "2025-02-22T00:15:07.305130"
        }
    ]
}