{
    "metadata": {
        "bot1": "HeuristicBot",
        "bot2": "MCTSBot",
        "game_number": 418,
        "ordering": "normal",
        "result": "MCTSBot"
    },
    "move_log": [
        {
            "move_number": 1,
            "player": 1,
            "column": 3,
            "row": 5,
            "timestamp": "2025-02-22T00:30:01.557527"
        },
        {
            "move_number": 2,
            "player": 2,
            "column": 3,
            "row": 4,
            "timestamp": "2025-02-22T00:30:03.557589"
        },
        {
            "move_number": 3,
            "player": 1,
            "column": 3,
            "row": 3,
            "timestamp": "2025-02-22T00:30:03.557712"
        },
        {
            "move_number": 4,
            "player": 2,
            "column": 2,
            "row": 5,
            "timestamp": "2025-02-22T00:30:05.558075"
        },
        {
            "move_number": 5,
            "player": 1,
            "column": 3,
            "row": 2,
            "timestamp": "2025-02-22T00:30:05.558366"
        },
        {
            "move_number": 6,
            "player": 2,
            "column": 2,
            "row": 4,
            "timestamp": "2025-02-22T00:30:07.558571"
        },
        {
            "move_number": 7,
            "player": 1,
            "column": 3,
            "row": 1,
            "timestamp": "2025-02-22T00:30:07.558772"
        },
        {
            "move_number": 8,
            "player": 2,
            "column": 3,
            "row": 0,
            "timestamp": "2025-02-22T00:30:09.558881"
        },
        {
            "move_number": 9,
            "player": 1,
            "column": 2,
            "row": 3,
            "timestamp": "2025-02-22T00:30:09.559030"
        },
        {
            "move_number": 10,
            "player": 2,
            "column": 2,
            "row": 2,
            "timestamp": "2025-02-22T00:30:11.559176"
        },
        {
            "move_number": 11,
            "player": 1,
            "column": 2,
            "row": 1,
            "timestamp": "2025-02-22T00:30:11.559513"
        },
        {
            "move_number": 12,
            "player": 2,
            "column": 0,
            "row": 5,
            "timestamp": "2025-02-22T00:30:13.559705"
        },
        {
            "move_number": 13,
            "player": 1,
            "column": 2,
            "row": 0,
            "timestamp": "2025-02-22T00:30:13.559832"
        },
        {
            "move_number": 14,
            "player": 2,
            "column": 0,
            "row": 4,
            "timestamp": "2025-02-22T00:30:15.559976"
        },
        {
            "move_number": 15,
            "player": 1,
            "column": 4,
            "row": 5,
            "timestamp": "2025-02-22T00:30:15.560085"
        },
        {
            "move_number": 16,
            "player": 2,
            "column": 0,
            "row": 3,
            "timestamp": "2025-02-22T00:30:17.560290"
        },
        {
            "move_number": 17,
            "player": 1,
            "column": 0,
            "row": 2,
            "timestamp": "2025-02-22T00:30:17.560430"
        },
        {
            "move_number": 18,
            "player": 2,
            "column": 6,
            "row": 5,
            "timestamp": "2025-02-22T00:30:19.560574"
        },
        {
            "move_number": 19,
            "player": 1,
            "column": 4,
            "row": 4,
            "timestamp": "2025-02-22T00:30:19.560684"
        },
        {
            "move_number": 20,
            "player": 2,
            "column": 4,
            "row": 3,
            "timestamp": "2025-02-22T00:30:21.560760"
        },
        {
            "move_number": 21,
            "player": 1,
            "column": 4,
            "row": 2,
            "timestamp": "2025-02-22T00:30:21.560869"
        },
        {
            "move_number": 22,
            "player": 2,
            "column": 4,
            "row": 1,
            "timestamp": "2025-02-22T00:30:23.560914"
        },
        {
            "move_number": 23,
            "player": 1,
            "column": 4,
            "row": 0,
            "timestamp": "2025-02-22T00:30:23.561039"
        },
        {
            "move_number": 24,
            "player": 2,
            "column": 6,
            "row": 4,
            "timestamp": "2025-02-22T00:30:25.561109"
        },
        {
            "move_number": 25,
            "player": 1,
            "column": 1,
            "row": 5,
            "timestamp": "2025-02-22T00:30:25.561209"
        },
        {
            "move_number": 26,
            "player": 2,
            "column": 1,
            "row": 4,
            "timestamp": "2025-02-22T00:30:27.561337"
        }
    ]
}