{
    "metadata": {
        "bot1": "HeuristicBot",
        "bot2": "MCTSBot",
        "game_number": 99,
        "ordering": "normal",
        "result": "HeuristicBot"
    },
    "move_log": [
        {
            "move_number": 1,
            "player": 1,
            "column": 3,
            "row": 5,
            "timestamp": "2025-02-21T22:29:57.386747"
        },
        {
            "move_number": 2,
            "player": 2,
            "column": 4,
            "row": 5,
            "timestamp": "2025-02-21T22:29:59.386812"
        },
        {
            "move_number": 3,
            "player": 1,
            "column": 3,
            "row": 4,
            "timestamp": "2025-02-21T22:29:59.386952"
        },
        {
            "move_number": 4,
            "player": 2,
            "column": 3,
            "row": 3,
            "timestamp": "2025-02-21T22:30:01.387082"
        },
        {
            "move_number": 5,
            "player": 1,
            "column": 3,
            "row": 2,
            "timestamp": "2025-02-21T22:30:01.387200"
        },
        {
            "move_number": 6,
            "player": 2,
            "column": 4,
            "row": 4,
            "timestamp": "2025-02-21T22:30:03.387645"
        },
        {
            "move_number": 7,
            "player": 1,
            "column": 3,
            "row": 1,
            "timestamp": "2025-02-21T22:30:03.387764"
        },
        {
            "move_number": 8,
            "player": 2,
            "column": 4,
            "row": 3,
            "timestamp": "2025-02-21T22:30:05.387881"
        },
        {
            "move_number": 9,
            "player": 1,
            "column": 4,
            "row": 2,
            "timestamp": "2025-02-21T22:30:05.388012"
        },
        {
            "move_number": 10,
            "player": 2,
            "column": 2,
            "row": 5,
            "timestamp": "2025-02-21T22:30:07.388081"
        },
        {
            "move_number": 11,
            "player": 1,
            "column": 3,
            "row": 0,
            "timestamp": "2025-02-21T22:30:07.388196"
        },
        {
            "move_number": 12,
            "player": 2,
            "column": 5,
            "row": 5,
            "timestamp": "2025-02-21T22:30:09.388329"
        },
        {
            "move_number": 13,
            "player": 1,
            "column": 2,
            "row": 4,
            "timestamp": "2025-02-21T22:30:09.388453"
        },
        {
            "move_number": 14,
            "player": 2,
            "column": 2,
            "row": 3,
            "timestamp": "2025-02-21T22:30:11.388556"
        },
        {
            "move_number": 15,
            "player": 1,
            "column": 2,
            "row": 2,
            "timestamp": "2025-02-21T22:30:11.388649"
        },
        {
            "move_number": 16,
            "player": 2,
            "column": 1,
            "row": 5,
            "timestamp": "2025-02-21T22:30:13.388713"
        },
        {
            "move_number": 17,
            "player": 1,
            "column": 2,
            "row": 1,
            "timestamp": "2025-02-21T22:30:13.388873"
        },
        {
            "move_number": 18,
            "player": 2,
            "column": 1,
            "row": 4,
            "timestamp": "2025-02-21T22:30:15.388924"
        },
        {
            "move_number": 19,
            "player": 1,
            "column": 1,
            "row": 3,
            "timestamp": "2025-02-21T22:30:15.389013"
        },
        {
            "move_number": 20,
            "player": 2,
            "column": 1,
            "row": 2,
            "timestamp": "2025-02-21T22:30:17.389053"
        },
        {
            "move_number": 21,
            "player": 1,
            "column": 2,
            "row": 0,
            "timestamp": "2025-02-21T22:30:17.389184"
        },
        {
            "move_number": 22,
            "player": 2,
            "column": 5,
            "row": 4,
            "timestamp": "2025-02-21T22:30:19.389231"
        },
        {
            "move_number": 23,
            "player": 1,
            "column": 5,
            "row": 3,
            "timestamp": "2025-02-21T22:30:19.389295"
        }
    ]
}