{
    "metadata": {
        "bot1": "HeuristicBot",
        "bot2": "MCTSBot",
        "game_number": 50,
        "ordering": "normal",
        "result": "MCTSBot"
    },
    "move_log": [
        {
            "move_number": 1,
            "player": 1,
            "column": 3,
            "row": 5,
            "timestamp": "2025-02-21T22:11:15.070491"
        },
        {
            "move_number": 2,
            "player": 2,
            "column": 3,
            "row": 4,
            "timestamp": "2025-02-21T22:11:17.070578"
        },
        {
            "move_number": 3,
            "player": 1,
            "column": 3,
            "row": 3,
            "timestamp": "2025-02-21T22:11:17.070709"
        },
        {
            "move_number": 4,
            "player": 2,
            "column": 2,
            "row": 5,
            "timestamp": "2025-02-21T22:11:19.070913"
        },
        {
            "move_number": 5,
            "player": 1,
            "column": 3,
            "row": 2,
            "timestamp": "2025-02-21T22:11:19.071058"
        },
        {
            "move_number": 6,
            "player": 2,
            "column": 2,
            "row": 4,
            "timestamp": "2025-02-21T22:11:21.071163"
        },
        {
            "move_number": 7,
            "player": 1,
            "column": 3,
            "row": 1,
            "timestamp": "2025-02-21T22:11:21.071306"
        },
        {
            "move_number": 8,
            "player": 2,
            "column": 3,
            "row": 0,
            "timestamp": "2025-02-21T22:11:23.071389"
        },
        {
            "move_number": 9,
            "player": 1,
            "column": 2,
            "row": 3,
            "timestamp": "2025-02-21T22:11:23.071636"
        },
        {
            "move_number": 10,
            "player": 2,
            "column": 2,
            "row": 2,
            "timestamp": "2025-02-21T22:11:25.071839"
        },
        {
            "move_number": 11,
            "player": 1,
            "column": 2,
            "row": 1,
            "timestamp": "2025-02-21T22:11:25.072001"
        },
        {
            "move_number": 12,
            "player": 2,
            "column": 0,
            "row": 5,
            "timestamp": "2025-02-21T22:11:27.072118"
        },
        {
            "move_number": 13,
            "player": 1,
            "column": 2,
            "row": 0,
            "timestamp": "2025-02-21T22:11:27.072232"
        },
        {
            "move_number": 14,
            "player": 2,
            "column": 0,
            "row": 4,
            "timestamp": "2025-02-21T22:11:29.072458"
        },
        {
            "move_number": 15,
            "player": 1,
            "column": 4,
            "row": 5,
            "timestamp": "2025-02-21T22:11:29.072579"
        },
        {
            "move_number": 16,
            "player": 2,
            "column": 0,
            "row": 3,
            "timestamp": "2025-02-21T22:11:31.072895"
        },
        {
            "move_number": 17,
            "player": 1,
            "column": 0,
            "row": 2,
            "timestamp": "2025-02-21T22:11:31.072987"
        },
        {
            "move_number": 18,
            "player": 2,
            "column": 6,
            "row": 5,
            "timestamp": "2025-02-21T22:11:33.073132"
        },
        {
            "move_number": 19,
            "player": 1,
            "column": 4,
            "row": 4,
            "timestamp": "2025-02-21T22:11:33.073326"
        },
        {
            "move_number": 20,
            "player": 2,
            "column": 4,
            "row": 3,
            "timestamp": "2025-02-21T22:11:35.073362"
        },
        {
            "move_number": 21,
            "player": 1,
            "column": 4,
            "row": 2,
            "timestamp": "2025-02-21T22:11:35.073498"
        },
        {
            "move_number": 22,
            "player": 2,
            "column": 4,
            "row": 1,
            "timestamp": "2025-02-21T22:11:37.073548"
        },
        {
            "move_number": 23,
            "player": 1,
            "column": 4,
            "row": 0,
            "timestamp": "2025-02-21T22:11:37.073680"
        },
        {
            "move_number": 24,
            "player": 2,
            "column": 6,
            "row": 4,
            "timestamp": "2025-02-21T22:11:39.073755"
        },
        {
            "move_number": 25,
            "player": 1,
            "column": 1,
            "row": 5,
            "timestamp": "2025-02-21T22:11:39.073868"
        },
        {
            "move_number": 26,
            "player": 2,
            "column": 1,
            "row": 4,
            "timestamp": "2025-02-21T22:11:41.073903"
        }
    ]
}