{
    "metadata": {
        "bot1": "HeuristicBot",
        "bot2": "MCTSBot",
        "game_number": 437,
        "ordering": "normal",
        "result": "HeuristicBot"
    },
    "move_log": [
        {
            "move_number": 1,
            "player": 1,
            "column": 3,
            "row": 5,
            "timestamp": "2025-02-22T00:37:37.675952"
        },
        {
            "move_number": 2,
            "player": 2,
            "column": 4,
            "row": 5,
            "timestamp": "2025-02-22T00:37:39.676184"
        },
        {
            "move_number": 3,
            "player": 1,
            "column": 3,
            "row": 4,
            "timestamp": "2025-02-22T00:37:39.676313"
        },
        {
            "move_number": 4,
            "player": 2,
            "column": 3,
            "row": 3,
            "timestamp": "2025-02-22T00:37:41.676441"
        },
        {
            "move_number": 5,
            "player": 1,
            "column": 3,
            "row": 2,
            "timestamp": "2025-02-22T00:37:41.676569"
        },
        {
            "move_number": 6,
            "player": 2,
            "column": 4,
            "row": 4,
            "timestamp": "2025-02-22T00:37:43.676792"
        },
        {
            "move_number": 7,
            "player": 1,
            "column": 3,
            "row": 1,
            "timestamp": "2025-02-22T00:37:43.676936"
        },
        {
            "move_number": 8,
            "player": 2,
            "column": 4,
            "row": 3,
            "timestamp": "2025-02-22T00:37:45.677116"
        },
        {
            "move_number": 9,
            "player": 1,
            "column": 4,
            "row": 2,
            "timestamp": "2025-02-22T00:37:45.677208"
        },
        {
            "move_number": 10,
            "player": 2,
            "column": 2,
            "row": 5,
            "timestamp": "2025-02-22T00:37:47.677254"
        },
        {
            "move_number": 11,
            "player": 1,
            "column": 3,
            "row": 0,
            "timestamp": "2025-02-22T00:37:47.677385"
        },
        {
            "move_number": 12,
            "player": 2,
            "column": 5,
            "row": 5,
            "timestamp": "2025-02-22T00:37:49.677497"
        },
        {
            "move_number": 13,
            "player": 1,
            "column": 2,
            "row": 4,
            "timestamp": "2025-02-22T00:37:49.677618"
        },
        {
            "move_number": 14,
            "player": 2,
            "column": 2,
            "row": 3,
            "timestamp": "2025-02-22T00:37:51.677741"
        },
        {
            "move_number": 15,
            "player": 1,
            "column": 2,
            "row": 2,
            "timestamp": "2025-02-22T00:37:51.677840"
        },
        {
            "move_number": 16,
            "player": 2,
            "column": 1,
            "row": 5,
            "timestamp": "2025-02-22T00:37:53.678004"
        },
        {
            "move_number": 17,
            "player": 1,
            "column": 2,
            "row": 1,
            "timestamp": "2025-02-22T00:37:53.678171"
        },
        {
            "move_number": 18,
            "player": 2,
            "column": 1,
            "row": 4,
            "timestamp": "2025-02-22T00:37:55.678233"
        },
        {
            "move_number": 19,
            "player": 1,
            "column": 1,
            "row": 3,
            "timestamp": "2025-02-22T00:37:55.678360"
        },
        {
            "move_number": 20,
            "player": 2,
            "column": 1,
            "row": 2,
            "timestamp": "2025-02-22T00:37:57.678401"
        },
        {
            "move_number": 21,
            "player": 1,
            "column": 2,
            "row": 0,
            "timestamp": "2025-02-22T00:37:57.678555"
        },
        {
            "move_number": 22,
            "player": 2,
            "column": 5,
            "row": 4,
            "timestamp": "2025-02-22T00:37:59.678680"
        },
        {
            "move_number": 23,
            "player": 1,
            "column": 5,
            "row": 3,
            "timestamp": "2025-02-22T00:37:59.678742"
        }
    ]
}